timestamp,orientation_x,orientation_y,orientation_z,orientation_w,AccX,AccY,AccZ,GyroX,GyroY,GyroZ,connected,arm_synched,device_direction,warmupState,synced,battery_level,rssi,bluetooth_strength,player_hand,swing_type,stroke_type
1,-45.0625,86.4375,25.625,-0.042151633,-0.042151633,0.1137,0.017289184,,,,,,,,,,,,,,
2,3.125,63.4375,30.5,-0.089534796,-0.089534796,0.077925714,0.025211224,,,,,,,,,,,,,,
3,48.8125,22.6875,-3.0625,-0.061832347,-0.061832347,0.065967755,0.055056224,,,,,,,,,,,,,,
4,77.625,-2.125,-27.125,-0.080018367,-0.080018367,0.094467449,0.02869898,,,,,,,,,,,,,,
5,9.1875,-27.5625,-27.375,-0.07274398,-0.07274398,0.086993776,0.031788061,,,,,,,,,,,,,,
6,13.875,-48.9375,-18.3125,-0.072445,-0.072445,0.065569184,0.043945306,,,,,,,,,,,,,,
7,54.9375,-81.875,-1.75,-0.066814796,-0.066814796,0.071996531,0.046336939,,,,,,,,,,,,,,
8,67.1875,-126.75,8.25,-0.065170612,-0.065170612,0.076979082,0.051668163,,,,,,,,,,,,,,
9,58.1875,-175.812,11.8125,-0.053013367,-0.053013367,0.083555918,0.047183878,,,,,,,,,,,,,,
10,35.4375,-202.562,10.5,-0.035026735,-0.035026735,0.081513061,0.044543163,,,,,,,,,,,,,,
11,10,-207.562,6.3125,-0.011160714,-0.011160714,0.072046429,0.033631633,,,,,,,,,,,,,,
12,5,-182.875,-13.3125,0.00483299,0.00483299,0.062978367,0.02556,,,,,,,,,,,,,,
13,17.25,-135.188,-33.25,0.00298948,0.00298948,0.070501837,0.010712245,,,,,,,,,,,,,,
14,23.4375,-94.6875,-54.0625,-0.006626673,-0.006626673,0.085947449,0.004334745,,,,,,,,,,,,,,
15,25.25,-67.875,-75.5625,-0.013851224,-0.013851224,0.091477959,-0.003338245,,,,,,,,,,,,,,
16,27.9375,-74.875,-104.312,-0.033233061,-0.033233061,0.095364286,-0.010562857,,,,,,,,,,,,,,
17,11.875,-102.125,-125.312,-0.048927755,-0.048927755,0.111507143,-0.022919286,,,,,,,,,,,,,,
18,-26.6875,-100.188,-110.312,-0.061932041,-0.061932041,0.108717347,-0.001046316,,,,,,,,,,,,,,
19,19.875,-36.6875,-63.875,-0.036521429,-0.036521429,0.114994898,-0.016093367,,,,,,,,,,,,,,
20,43.1875,53.25,0.8125,-0.029346735,-0.029346735,0.116340816,-0.017438571,,,,,,,,,,,,,,
21,40.3125,103.375,45.8125,0.023467347,0.023467347,0.070352347,0.016242857,,,,,,,,,,,,,,
22,124.625,127.438,3.125,-0.008818959,-0.008818959,0.043148163,0.031289898,,,,,,,,,,,,,,
23,178.938,93.25,15.125,-0.032983878,-0.032983878,0.044393776,0.053461837,,,,,,,,,,,,,,
24,220.312,78.5,39.75,-0.011708776,-0.011708776,0.061732653,0.044991633,,,,,,,,,,,,,,
25,310.562,55.75,109,-0.002192286,-0.002192286,0.193170408,0.019032959,,,,,,,,,,,,,,
26,132.25,-33.4375,153.188,-0.02954602,-0.02954602,0.199,0.044493367,,,,,,,,,,,,,,
27,63.3125,-133.625,162.688,0.005082112,0.005082112,0.088089898,0.108767347,,,,,,,,,,,,,,
28,107.812,-164.562,192.688,0.055006327,0.055006327,0.114695918,0.112554082,,,,,,,,,,,,,,
29,102.188,-166.375,201.312,0.001943163,0.001943163,0.157246939,0.100296939,,,,,,,,,,,,,,
30,10.9375,-179.562,202.375,-0.002690531,-0.002690531,0.178073469,0.084602245,,,,,,,,,,,,,,
31,-49.4375,-185.812,168.938,-0.009865276,-0.009865276,0.124013265,0.086395918,,,,,,,,,,,,,,
32,-55.75,-193.062,142.75,-0.013651939,-0.013651939,0.117037755,0.061782551,,,,,,,,,,,,,,
33,-75.5,-191.062,113.125,0.007922112,0.007922112,0.115044898,0.039112347,,,,,,,,,,,,,,
34,-93.6875,-192.625,77.8125,0.015196531,0.015196531,0.091527857,0.034528469,,,,,,,,,,,,,,
35,-98.375,-193.125,22,0.039610612,0.039610612,0.04857898,0.04090602,,,,,,,,,,,,,,
36,-61.1875,-176.5,-64.25,0.032236531,0.032236531,0.027403571,0.024713061,,,,,,,,,,,,,,
37,-25.3125,-166.438,-128.5,0.008021765,0.008021765,0.022421122,0.018086327,,,,,,,,,,,,,,
38,-15.6875,-169.75,-209.25,0.014797959,0.014797959,0.026058265,0.015943878,,,,,,,,,,,,,,
39,-53.0625,-162.5,-301.438,0.011459694,0.011459694,0.031987449,0.018285612,,,,,,,,,,,,,,
40,-78.8125,-134.188,-384.875,-0.002192286,-0.002192286,0.031140408,0.030791633,,,,,,,,,,,,,,
41,110.062,-9.4375,-231.938,-0.099250612,-0.099250612,-0.110511224,0.041205,,,,,,,,,,,,,,
42,132.625,7.0625,-137.75,-0.133280612,-0.133280612,-0.017388776,0.041902551,,,,,,,,,,,,,,
43,18.625,-9.5625,-157.188,-0.130739796,-0.130739796,0.055155816,0.043546735,,,,,,,,,,,,,,
44,-129.125,-10.125,-176.375,-0.12062551,-0.12062551,0.065469592,0.045938265,,,,,,,,,,,,,,
45,-211.188,-4.875,-176.438,-0.12775,-0.12775,0.039211939,0.063028163,,,,,,,,,,,,,,
46,-164.5,-4.4375,-168.688,-0.118532653,-0.118532653,0.009068082,0.070501837,,,,,,,,,,,,,,
47,-73.1875,2.6875,-160.938,-0.140605102,-0.140605102,0.00184351,0.060188163,,,,,,,,,,,,,,
48,6.25,-6.3125,-138.188,-0.117037755,-0.117037755,0.016940408,0.038614082,,,,,,,,,,,,,,
49,27.5625,-10.875,-133.312,-0.125807143,-0.125807143,0.031588776,0.060188163,,,,,,,,,,,,,,
50,16.4375,-17.875,-138.375,-0.097606429,-0.097606429,0.051518673,0.035973367,,,,,,,,,,,,,,
51,-27.3125,-8.125,-134.688,-0.125209184,-0.125209184,0.023965612,0.048877959,,,,,,,,,,,,,,
52,-59.75,-14.0625,-116.75,-0.092225408,-0.092225408,0.022620408,0.033282857,,,,,,,,,,,,,,
53,-81.125,-8.3125,-103.125,-0.129144898,-0.129144898,0.000498246,0.048728469,,,,,,,,,,,,,,
54,-81.25,-18.6875,-79.5,-0.070352347,-0.070352347,0.006825969,0.050273061,,,,,,,,,,,,,,
55,-87.75,-12.8125,-67,-0.119030612,-0.119030612,-0.009566327,0.036371939,,,,,,,,,,,,,,
56,-91.25,-17.75,-41.9375,-0.075185306,-0.075185306,0.005032286,0.048030918,,,,,,,,,,,,,,
57,-127.375,-10.9375,-24.4375,-0.080466735,-0.080466735,0.038813367,0.050472347,,,,,,,,,,,,,,
58,-209.938,-22.375,-4,-0.082061122,-0.082061122,0.051668163,0.037318673,,,,,,,,,,,,,,
59,-276.312,-23.8125,19.0625,-0.06930602,-0.06930602,0.03422949,0.033581837,,,,,,,,,,,,,,
60,-271.375,-18.0625,31.5625,-0.055753776,-0.055753776,0.015096837,0.041005612,,,,,,,,,,,,,,
61,-249.875,-13.375,44,-0.063825306,-0.063825306,0.027802143,0.020129184,,,,,,,,,,,,,,
62,-258.25,-25.125,39.125,-0.070950204,-0.070950204,0.002590878,0.015595102,,,,,,,,,,,,,,
63,-227.188,-23.5,39.9375,-0.074039388,-0.074039388,-0.029994388,0.009616153,,,,,,,,,,,,,,
64,-147.125,-10.8125,52.625,-0.09217551,-0.09217551,-0.044194388,-0.004783163,,,,,,,,,,,,,,
65,-106.188,-13.75,51.375,-0.10199102,-0.10199102,-0.046237245,-0.005430888,,,,,,,,,,,,,,
66,-55.3125,-2.5,45.9375,-0.093620408,-0.093620408,-0.030492653,-0.009167735,,,,,,,,,,,,,,
67,-53.0625,10.375,42.25,-0.088837245,-0.088837245,-0.020378265,-0.016940408,,,,,,,,,,,,,,
68,-99.0625,29.4375,34.4375,-0.106076531,-0.106076531,-0.027752347,-0.014399286,,,,,,,,,,,,,,
69,-117.562,46.5,21.75,-0.117884694,-0.117884694,-0.040656939,-0.004932633,,,,,,,,,,,,,,
70,-101.75,60.125,4.6875,-0.126206122,-0.126206122,-0.031140408,-0.001544561,,,,,,,,,,,,,,
71,-112.188,69.5625,-2.5,-0.121572449,-0.121572449,-0.034976837,-0.000199298,,,,,,,,,,,,,,
72,-98.375,67.5625,-6.5,-0.108418367,-0.108418367,-0.046137551,0.004085622,,,,,,,,,,,,,,
73,-59.5,59.625,-11.625,-0.098453469,-0.098453469,-0.050821122,0.006626673,,,,,,,,,,,,,,
74,-17.1875,50.6875,-10.125,-0.093172041,-0.093172041,-0.063227449,0.012705306,,,,,,,,,,,,,,
75,30.9375,40.0625,-6.625,-0.083805,-0.083805,-0.04987449,0.017588061,,,,,,,,,,,,,,
76,29.3125,32.375,-6.5625,-0.084552347,-0.084552347,-0.052764286,0.020976122,,,,,,,,,,,,,,
77,45.0625,23.125,-8.5,-0.087591633,-0.087591633,-0.057746735,0.015595102,,,,,,,,,,,,,,
78,68.25,14.375,-10.3125,-0.099051327,-0.099051327,-0.056351633,0.015894082,,,,,,,,,,,,,,
79,87.1875,3.25,-14.25,-0.107372449,-0.107372449,-0.044144592,0.01165898,,,,,,,,,,,,,,
80,86.5,-5.125,-18.875,-0.112205102,-0.112205102,-0.036172653,0.006975449,,,,,,,,,,,,,,
81,91.375,-11.625,-25.3125,-0.108468367,-0.108468367,-0.031987449,0.000747369,,,,,,,,,,,,,,
82,98.75,-17,-26.25,-0.103585714,-0.103585714,-0.017637959,-0.0038365,,,,,,,,,,,,,,
83,78.1875,-23.75,-10.125,-0.107920408,-0.107920408,0.007274398,-0.000747369,,,,,,,,,,,,,,
84,-8.6875,-35.0625,15.375,-0.112952041,-0.112952041,0.027154388,0.000896843,,,,,,,,,,,,,,
85,-65.3125,-41.3125,50.625,-0.108119388,-0.108119388,0.022022449,0.012406327,,,,,,,,,,,,,,
86,-104.812,-73.0625,112.688,-0.126505102,-0.126505102,0.09631102,0.02556,,,,,,,,,,,,,,
87,-251.875,-54.5,81.25,-0.089584694,-0.089584694,-0.021524286,0.023068776,,,,,,,,,,,,,,
88,-109.5,-76.0625,18.125,-0.093072347,-0.093072347,-0.055056224,0.004783163,,,,,,,,,,,,,,
89,-57.625,-83.5625,82.625,-0.1135,-0.1135,-0.009616153,0.016940408,,,,,,,,,,,,,,
90,-55.3125,-79.75,93.5,-0.104581633,-0.104581633,0.001943163,0.003537551,,,,,,,,,,,,,,
91,-116.75,-88.75,92.6875,-0.122867347,-0.122867347,-0.003487724,-0.00284,,,,,,,,,,,,,,
92,-155.812,-98.8125,97.5625,-0.114347959,-0.114347959,-0.024912347,-0.000847018,,,,,,,,,,,,,,
93,-130.688,-98.375,101.375,-0.118482653,-0.118482653,-0.037268776,0.002042806,,,,,,,,,,,,,,
94,-107.438,-95.3125,101.188,-0.122917347,-0.122917347,-0.02386602,0.002391582,,,,,,,,,,,,,,
95,-68.0625,-85.375,71.4375,-0.12795,-0.12795,-0.048379694,4.98E-05,,,,,,,,,,,,,,
96,-82.625,24.125,155.312,-0.08495102,-0.08495102,0.032983878,0.039859694,,,,,,,,,,,,,,
97,28.8125,31.4375,186.438,-0.075334796,-0.075334796,0.045938265,0.034827449,,,,,,,,,,,,,,
98,68.75,12.25,192.438,-0.063327041,-0.063327041,0.087641531,0.05794602,,,,,,,,,,,,,,
99,55.0625,-48.5,174.812,-0.058145306,-0.058145306,0.077128469,0.079619694,,,,,,,,,,,,,,
100,34.8125,-81.5,121.688,-0.051668163,-0.051668163,0.057796531,0.075285,,,,,,,,,,,,,,
101,52.9375,-63.375,122.312,-0.06362602,-0.06362602,0.055604286,0.068508878,,,,,,,,,,,,,,
102,42.75,-59.125,142.438,-0.050273061,-0.050273061,0.064821837,0.052764286,,,,,,,,,,,,,,
103,36.6875,-57.75,104.125,-0.022221735,-0.022221735,0.043696224,0.040706735,,,,,,,,,,,,,,
104,48.5,-40.0625,46,-0.015844184,-0.015844184,0.027154388,0.030990918,,,,,,,,,,,,,,
105,70.5625,-20.125,6.5,-0.036172653,-0.036172653,0.034478673,0.034877245,,,,,,,,,,,,,,
106,63.125,-19.4375,-21.6875,-0.043148163,-0.043148163,0.057846429,0.035325612,,,,,,,,,,,,,,
107,10.6875,-46.75,-41.6875,-0.059739694,-0.059739694,0.076032347,0.037119388,,,,,,,,,,,,,,
108,-66.625,-82.375,-33.3125,-0.110660204,-0.110660204,0.138861224,0.03253551,,,,,,,,,,,,,,
109,-155.688,-72.5,22.125,-0.087043571,-0.087043571,0.14170102,0.018086327,,,,,,,,,,,,,,
110,-206.5,40.375,80.8125,-0.006576847,-0.006576847,0.116987755,-0.01704,,,,,,,,,,,,,,
111,-275.938,215.25,87.4375,0.085897653,0.085897653,0.045091327,0.006377551,,,,,,,,,,,,,,
112,-198.5,273.188,-2,0.059042143,0.059042143,-0.041155102,0.067213367,,,,,,,,,,,,,,
113,2.6875,38.25,-214.438,-0.288434694,-0.288434694,-0.039809898,0.189482653,,,,,,,,,,,,,,
114,112.625,-102.625,-71.25,-0.063277245,-0.063277245,0.131287755,0.116290816,,,,,,,,,,,,,,
115,118.125,67,97.3125,-0.018136122,-0.018136122,0.02002949,0.100795204,,,,,,,,,,,,,,
116,305.438,107.188,124.062,0.020727041,0.020727041,0.051967041,0.047731939,,,,,,,,,,,,,,
117,87.125,127.875,-45.625,-0.002690531,-0.002690531,0.229392857,-0.053611327,,,,,,,,,,,,,,
118,-264.5,144.25,32,-0.08495102,-0.08495102,0.167709184,0.007374041,,,,,,,,,,,,,,
119,-339,13.9375,30.625,-0.033781122,-0.033781122,-0.088139796,0.083555918,,,,,,,,,,,,,,
120,23.4375,24.625,-47.5,0.029595816,0.029595816,0.002939653,0.076779694,,,,,,,,,,,,,,
121,103.625,72.25,-24.4375,-0.03706949,-0.03706949,0.058344592,0.050821122,,,,,,,,,,,,,,
122,103.062,93.875,-3.3125,-0.055803571,-0.055803571,0.099599388,0.041205,,,,,,,,,,,,,,
123,-40.3125,60.6875,-17.6875,-0.054757245,-0.054757245,0.119877551,0.032635102,,,,,,,,,,,,,,
124,-118.875,20.5625,-30.8125,-0.057397959,-0.057397959,0.050870918,0.057049184,,,,,,,,,,,,,,
125,-40.5625,7.8125,-20.5625,-0.056899694,-0.056899694,0.029047755,0.069605,,,,,,,,,,,,,,
126,64,17.1875,17.6875,-0.04274949,-0.04274949,0.076929184,0.059590204,,,,,,,,,,,,,,
127,38.3125,40.0625,31.875,-0.0426,-0.0426,0.109514286,0.035026735,,,,,,,,,,,,,,
128,-48,75.125,42,-0.032037245,-0.032037245,0.110610204,0.020129184,,,,,,,,,,,,,,
129,-122.875,113.812,40.8125,-0.02954602,-0.02954602,0.079968469,0.023268061,,,,,,,,,,,,,,
130,-150.812,139.312,48.5625,-0.024613367,-0.024613367,0.039411224,0.039261837,,,,,,,,,,,,,,
131,-112.25,115.938,40.9375,-0.051717959,-0.051717959,0.024314388,0.049774796,,,,,,,,,,,,,,
132,-66.5625,29.75,2.125,-0.102090816,-0.102090816,0.036770612,0.065021122,,,,,,,,,,,,,,
133,-52.125,-21.6875,-2,-0.068857653,-0.068857653,0.054607755,0.068708163,,,,,,,,,,,,,,
134,-27,-25.8125,20.75,-0.045639388,-0.045639388,0.038464592,0.08066602,,,,,,,,,,,,,,
135,9.3125,-16.1875,36.0625,-0.034030204,-0.034030204,0.049127041,0.073341837,,,,,,,,,,,,,,
136,44.4375,2.125,50.8125,-0.04090602,-0.04090602,0.047881429,0.067362857,,,,,,,,,,,,,,
137,35.875,4.1875,61.5625,-0.053362143,-0.053362143,0.034129898,0.073192347,,,,,,,,,,,,,,
138,40.1875,-32,31.4375,-0.019182449,-0.019182449,0.08963449,0.061981837,,,,,,,,,,,,,,
139,19.4375,-10.875,-8.75,-0.013253367,-0.013253367,0.107920408,0.054757245,,,,,,,,,,,,,,
140,-81.9375,8.5625,8.0625,-0.043048469,-0.043048469,0.069206429,0.044343878,,,,,,,,,,,,,,
141,-65.1875,22.375,-1,-0.058693367,-0.058693367,0.045041429,0.061932041,,,,,,,,,,,,,,
142,1,40.8125,0.6875,-0.061433776,-0.061433776,0.062430204,0.043197959,,,,,,,,,,,,,,
143,-25.375,57.4375,6.25,-0.081612755,-0.081612755,0.085000816,0.023218265,,,,,,,,,,,,,,
144,-55.3125,56.9375,9.3125,-0.079470306,-0.079470306,0.08779102,0.021623878,,,,,,,,,,,,,,
145,-48,41.5625,6.8125,-0.082260408,-0.082260408,0.08679449,0.02570949,,,,,,,,,,,,,,
146,-28.625,14.5625,-2.625,-0.085797959,-0.085797959,0.095762959,0.022271633,,,,,,,,,,,,,,
147,-20.75,-18.5,-14.4375,-0.087292755,-0.087292755,0.098104694,0.024962143,,,,,,,,,,,,,,
148,-6.3125,-40.8125,-21.75,-0.085349592,-0.085349592,0.090680816,0.029844898,,,,,,,,,,,,,,
149,26.4375,-47.1875,-21.5625,-0.077178367,-0.077178367,0.090531327,0.019431633,,,,,,,,,,,,,,
150,36.1875,-42.375,-21.0625,-0.073292041,-0.073292041,0.084502551,0.023716531,,,,,,,,,,,,,,
151,46.4375,-36.0625,-29.375,-0.066067449,-0.066067449,0.078722857,0.02286949,,,,,,,,,,,,,,
152,51.1875,-30.6875,-49.6875,-0.06123449,-0.06123449,0.072445,0.014698265,,,,,,,,,,,,,,
153,34.875,-27.125,-80.625,-0.062081429,-0.062081429,0.059640102,0.018734082,,,,,,,,,,,,,,
154,44.375,-23.6875,-100.312,-0.070302551,-0.070302551,0.066167143,0.017538265,,,,,,,,,,,,,,
155,35.875,-34.4375,-105.938,-0.085000816,-0.085000816,0.077078673,0.022470918,,,,,,,,,,,,,,
156,20.9375,-44.9375,-102.375,-0.081214082,-0.081214082,0.068160102,0.025360714,,,,,,,,,,,,,,
157,44.3125,-39.4375,-100.562,-0.07214602,-0.07214602,0.062928469,0.028499694,,,,,,,,,,,,,,
158,75.6875,-21.25,-99.9375,-0.062031633,-0.062031633,0.06407449,0.018435102,,,,,,,,,,,,,,
159,82.4375,-11.25,-102.312,-0.062928469,-0.062928469,0.072494796,0.012655408,,,,,,,,,,,,,,
160,71.4375,-9.75,-104.312,-0.057846429,-0.057846429,0.076680102,0.010164224,,,,,,,,,,,,,,
161,70.3125,-10.1875,-108.062,-0.054607755,-0.054607755,0.071747449,0.013801429,,,,,,,,,,,,,,
162,88.9375,-8.75,-112.812,-0.048479388,-0.048479388,0.070053367,0.014449184,,,,,,,,,,,,,,
163,111.812,-13.375,-119.625,-0.05510602,-0.05510602,0.082210612,0.016541735,,,,,,,,,,,,,,
164,106.875,-21.9375,-119.562,-0.062181122,-0.062181122,0.090332041,0.013950918,,,,,,,,,,,,,,
165,91.125,-31.875,-114.812,-0.06945551,-0.06945551,0.089833776,0.012456122,,,,,,,,,,,,,,
166,94.625,-50.625,-107.812,-0.076082143,-0.076082143,0.087840816,0.01689051,,,,,,,,,,,,,,
167,100.812,-64.625,-101.188,-0.079370612,-0.079370612,0.082708878,0.017637959,,,,,,,,,,,,,,
168,105.875,-81.5,-96.1875,-0.08679449,-0.08679449,0.085000816,0.027353673,,,,,,,,,,,,,,
169,110.75,-96.625,-96.9375,-0.092374796,-0.092374796,0.092972755,0.030442857,,,,,,,,,,,,,,
170,99.9375,-111.562,-100.75,-0.099948163,-0.099948163,0.097257653,0.042699694,,,,,,,,,,,,,,
171,82.375,-127.25,-94.9375,-0.103684694,-0.103684694,0.07827449,0.053810612,,,,,,,,,,,,,,
172,69.9375,-131,-80.125,-0.10069551,-0.10069551,0.060586735,0.064871633,,,,,,,,,,,,,,
173,64.0625,-130.5,-62.125,-0.092075918,-0.092075918,0.057597245,0.071348878,,,,,,,,,,,,,,
174,47.375,-137.625,-49.0625,-0.086445714,-0.086445714,0.060138265,0.078772755,,,,,,,,,,,,,,
175,19.6875,-144,-58.1875,-0.088687857,-0.088687857,0.063925,0.097905408,,,,,,,,,,,,,,
176,14.6875,-147.312,-48.0625,-0.098005,-0.098005,0.063376939,0.11355,,,,,,,,,,,,,,
177,-3,-141.062,-28.125,-0.090332041,-0.090332041,0.051120102,0.126604082,,,,,,,,,,,,,,
178,-16,-144.25,-17.75,-0.083256939,-0.083256939,0.05555449,0.107122449,,,,,,,,,,,,,,
179,-59.375,-148.688,-19.375,-0.077277959,-0.077277959,0.050073776,0.098403571,,,,,,,,,,,,,,
180,-55.6875,-152.438,-22.0625,-0.068010612,-0.068010612,0.035176224,0.080267449,,,,,,,,,,,,,,
181,-41.5,-157.25,-21.0625,-0.069854082,-0.069854082,0.039859694,0.064522857,,,,,,,,,,,,,,
182,-39.375,-170.625,-13.6875,-0.057597245,-0.057597245,0.031837959,0.049475816,,,,,,,,,,,,,,
183,-35.375,-186.312,-18.0625,-0.048728469,-0.048728469,0.023766327,0.031937551,,,,,,,,,,,,,,
184,-22.5625,-209.125,-15.8125,-0.039660408,-0.039660408,0.02272,0.020876531,,,,,,,,,,,,,,
185,-44.5,-223.688,-24.625,-0.034927041,-0.034927041,0.021723571,0.010861735,,,,,,,,,,,,,,
186,-58.4375,-239.375,-47.8125,-0.027303878,-0.027303878,0.023367755,0.0066765,,,,,,,,,,,,,,
187,-68.4375,-263.75,-72,-0.034777551,-0.034777551,0.026955102,0.000946667,,,,,,,,,,,,,,
188,-113.5,-278.25,-97.25,-0.027901837,-0.027901837,0.027254082,0.003537551,,,,,,,,,,,,,,
189,66.25,-41.9375,-365.875,0.101592347,0.101592347,0.067910918,0.03124,,,,,,,,,,,,,,
190,-32.6875,123.125,-307.25,0.023367755,0.023367755,0.07259449,-0.046287041,,,,,,,,,,,,,,
191,-19.875,155.688,-275.625,-0.0038365,-0.0038365,0.079868878,-0.077427449,,,,,,,,,,,,,,
192,-13.25,171.25,-236.25,-0.019780408,-0.019780408,0.077576939,-0.094517347,,,,,,,,,,,,,,
193,13.375,198.062,-208.062,-0.031788061,-0.031788061,0.090979796,-0.122369388,,,,,,,,,,,,,,
194,1.0625,233.25,-199.062,-0.072793776,-0.072793776,0.119329592,-0.161182653,,,,,,,,,,,,,,
195,-40.8125,281.125,-169.312,-0.148327551,-0.148327551,0.118383673,-0.189732653,,,,,,,,,,,,,,
196,-38.5,348.562,-116.062,-0.17732551,-0.17732551,0.126056122,-0.210060204,,,,,,,,,,,,,,
197,-55.25,432.25,-104.25,-0.229740816,-0.229740816,0.160086735,-0.233378571,,,,,,,,,,,,,,
198,-149.5,511.625,-66,-0.332678571,-0.332678571,0.183305102,-0.245884694,,,,,,,,,,,,,,
199,-241.25,580.312,9.8125,-0.438407143,-0.438407143,0.162428571,-0.253657143,,,,,,,,,,,,,,
200,-296.375,619.625,125.438,-0.562121429,-0.562121429,0.12775,-0.232481633,,,,,,,,,,,,,,
201,-272,632.062,261.312,-0.643185714,-0.643185714,0.078473776,-0.190429592,,,,,,,,,,,,,,
202,-248.125,625.375,342.875,-0.659030612,-0.659030612,0.065320102,-0.10637551,,,,,,,,,,,,,,
203,-383.938,650.562,398.688,-0.692512245,-0.692512245,0.030642143,-0.065220408,,,,,,,,,,,,,,
204,-458.688,624.438,476.062,-0.612443878,-0.612443878,0.012954388,-0.04987449,,,,,,,,,,,,,,
205,-416.688,587.938,527.625,-0.463119388,-0.463119388,0.101442959,-0.032834388,,,,,,,,,,,,,,
206,-459.625,599.5,605.125,-0.386439796,-0.386439796,0.323910204,-0.081612755,,,,,,,,,,,,,,
207,-621.875,552.688,724.188,-0.395906122,-0.395906122,0.387087755,-0.161381633,,,,,,,,,,,,,,
208,-654.312,376.812,814.875,-0.360082653,-0.360082653,0.2272,-0.106026531,,,,,,,,,,,,,,
209,-393.938,216.5,849.625,-0.297553061,-0.297553061,0.168457143,-0.086595204,,,,,,,,,,,,,,
210,-284.562,144.562,819.438,-0.214394898,-0.214394898,0.236816327,-0.125608163,,,,,,,,,,,,,,
211,-440.188,73.375,708.875,-0.14917449,-0.14917449,0.190379592,-0.148776531,,,,,,,,,,,,,,
212,-310.062,-19.375,652.375,-0.14937449,-0.14937449,0.112504082,-0.117536735,,,,,,,,,,,,,,
213,-209.562,-77.9375,594.875,-0.148327551,-0.148327551,0.154008163,-0.061882143,,,,,,,,,,,,,,
214,-138.188,-97.4375,549.625,-0.193020408,-0.193020408,0.081313776,-0.068558673,,,,,,,,,,,,,,
215,-80.6875,-74.5625,555.25,-0.105976531,-0.105976531,0.058444286,-0.000797194,,,,,,,,,,,,,,
216,47.4375,-49.3125,450.562,-0.096609898,-0.096609898,0.087442245,-0.014897551,,,,,,,,,,,,,,
217,40.8125,-150.812,349.062,-0.223513265,-0.223513265,0.026108061,0.060237959,,,,,,,,,,,,,,
218,98.3125,-251.75,213.625,-0.125060204,-0.125060204,-0.033233061,0.069056939,,,,,,,,,,,,,,
219,176.75,-221.062,200.312,-0.040158673,-0.040158673,-0.073391633,0.024613367,,,,,,,,,,,,,,
220,280.125,-169.812,138.875,-0.033382449,-0.033382449,-0.025360714,0.073092755,,,,,,,,,,,,,,
221,267.062,-93.5,92.375,-0.051219694,-0.051219694,-0.009317204,0.053860408,,,,,,,,,,,,,,
222,237.812,-48.875,97.625,-0.052764286,-0.052764286,-0.005131939,0.099948163,,,,,,,,,,,,,,
223,251.812,-33,65.625,-0.055753776,-0.055753776,-9.96E-05,0.098403571,,,,,,,,,,,,,,
224,263.875,-21.75,38.9375,-0.034528469,-0.034528469,-0.001793684,0.092673776,,,,,,,,,,,,,,
225,273,-3.3125,1.625,-0.017139694,-0.017139694,0.018634388,0.087093469,,,,,,,,,,,,,,
226,248.062,17.8125,-31.6875,-0.021723571,-0.021723571,0.025460408,0.08933551,,,,,,,,,,,,,,
227,262.312,69.375,-85.9375,-0.02017898,-0.02017898,0.04703449,0.092374796,,,,,,,,,,,,,,
228,265.562,90.125,-112.5,-0.025659694,-0.025659694,0.059640102,0.092524286,,,,,,,,,,,,,,
229,200,125.188,-138.812,-0.02117551,-0.02117551,0.053412041,0.082708878,,,,,,,,,,,,,,
230,224.562,127.812,-142.812,-0.052515102,-0.052515102,0.088986735,0.084153776,,,,,,,,,,,,,,
231,139.312,108.812,-112.5,-0.032983878,-0.032983878,0.099549592,0.104830612,,,,,,,,,,,,,,
232,112,84.6875,-91.1875,-0.013801429,-0.013801429,0.071647755,0.121173469,,,,,,,,,,,,,,
233,150.25,61.125,-77.375,0.003388071,0.003388071,0.092773469,0.121073469,,,,,,,,,,,,,,
234,149.562,45.0625,-87.9375,0.020826735,0.020826735,0.135273469,0.140804082,,,,,,,,,,,,,,
235,108.562,23.5625,-78.8125,0.008420357,0.008420357,0.131437755,0.16312551,,,,,,,,,,,,,,
236,98.3125,0.875,-66.875,0.011260408,0.011260408,0.125209184,0.173738776,,,,,,,,,,,,,,
237,107.188,-16.25,-67.3125,0.016691224,0.016691224,0.140057143,0.176428571,,,,,,,,,,,,,,
238,90.1875,-35,-64.625,0.01250602,0.01250602,0.150021429,0.159936735,,,,,,,,,,,,,,
239,44.0625,-52.5625,-56.75,-0.00582948,-0.00582948,0.133629592,0.142946939,,,,,,,,,,,,,,
240,15.625,-65.625,-41,-0.01390102,-0.01390102,0.109365306,0.123116327,,,,,,,,,,,,,,
241,3,-71.6875,-33.0625,-0.013801429,-0.013801429,0.092574184,0.101393061,,,,,,,,,,,,,,
242,5.125,-70.875,-36.0625,-0.011409796,-0.011409796,0.089136224,0.086296224,,,,,,,,,,,,,,
243,-4.4375,-69.875,-45.375,-0.010014745,-0.010014745,0.081363571,0.069156531,,,,,,,,,,,,,,
244,-19.9375,-72.6875,-52.375,-0.011110918,-0.011110918,0.065070918,0.05794602,,,,,,,,,,,,,,
245,-24.0625,-76.375,-55.125,-0.010762143,-0.010762143,0.048927755,0.046934796,,,,,,,,,,,,,,
246,-19.625,-83.9375,-57.5625,-0.012755102,-0.012755102,0.044094796,0.043247755,,,,,,,,,,,,,,
247,-15.5625,-87.375,-61,-0.008270888,-0.008270888,0.044991633,0.033033673,,,,,,,,,,,,,,
248,-18.625,-89.4375,-67.375,-0.013153673,-0.013153673,0.047134082,0.029844898,,,,,,,,,,,,,,
249,-20.6875,-90.5,-68.75,-0.008818959,-0.008818959,0.043546735,0.024513673,,,,,,,,,,,,,,
250,-15.1875,-85.625,-73.5625,-0.003039306,-0.003039306,0.049077245,0.027951633,,,,,,,,,,,,,,
251,-5.0625,-80.5,-83.6875,0.004982459,0.004982459,0.062529898,0.02685551,,,,,,,,,,,,,,
252,-8.625,-78.625,-95.625,0.008071592,0.008071592,0.069156531,0.029197245,,,,,,,,,,,,,,
253,-17.25,-82.5,-105.438,-0.001494735,-0.001494735,0.068359388,0.030841429,,,,,,,,,,,,,,
254,-14.5,-87.8125,-109.625,-0.005131939,-0.005131939,0.07274398,0.040557245,,,,,,,,,,,,,,
255,4.75,-80.9375,-118.375,0.010861735,0.010861735,0.098204286,0.043646327,,,,,,,,,,,,,,
256,20.9375,-69.625,-136,0.009915102,0.009915102,0.098852041,0.053412041,,,,,,,,,,,,,,
257,51.6875,-64.8125,-143.312,-0.007772643,-0.007772643,0.090929898,0.059590204,,,,,,,,,,,,,,
258,90.9375,-54.375,-149.375,-0.013851224,-0.013851224,0.104781633,0.047333367,,,,,,,,,,,,,,
259,64.875,-34.9375,-162.125,-0.016192959,-0.016192959,0.090880102,0.048030918,,,,,,,,,,,,,,
260,57.3125,-21.125,-169.75,-0.020677245,-0.020677245,0.079569898,0.05425898,,,,,,,,,,,,,,
261,64.25,-22.875,-187.875,-0.025111633,-0.025111633,0.064473061,0.05694949,,,,,,,,,,,,,,
262,99,-28.375,-193.375,-0.026008469,-0.026008469,0.063825306,0.054757245,,,,,,,,,,,,,,
263,107.312,-19.5,-194.625,-0.018983163,-0.018983163,0.054408469,0.050821122,,,,,,,,,,,,,,
264,106,-41,-204.312,-0.044244286,-0.044244286,0.056700408,0.050970612,,,,,,,,,,,,,,
265,104,-51.5,-211.5,-0.063476531,-0.063476531,0.069156531,0.051817551,,,,,,,,,,,,,,
266,101.125,-49.75,-202.812,-0.040955816,-0.040955816,0.070402143,0.045788776,,,,,,,,,,,,,,
267,68.5,-35.75,-221,-0.037767041,-0.037767041,0.069854082,0.048678673,,,,,,,,,,,,,,
268,74.875,-27.125,-249.75,-0.063327041,-0.063327041,0.06706398,0.055853367,,,,,,,,,,,,,,
269,91.1875,-20.5,-251.375,-0.093022551,-0.093022551,0.072993061,0.054209184,,,,,,,,,,,,,,
270,95.4375,-9.4375,-222.438,-0.112753061,-0.112753061,0.073640816,0.058145306,,,,,,,,,,,,,,
271,121.625,-3.4375,-188.188,-0.115293878,-0.115293878,0.058593776,0.050821122,,,,,,,,,,,,,,
272,151.688,-10.25,-178.938,-0.121522449,-0.121522449,0.060437245,0.047881429,,,,,,,,,,,,,,
273,146.688,-18.25,-172.125,-0.121871429,-0.121871429,0.078872347,0.042051939,,,,,,,,,,,,,,
274,96.4375,-14.25,-143.625,-0.107770408,-0.107770408,0.090979796,0.033183163,,,,,,,,,,,,,,
275,26,-5.0625,-110.062,-0.090082857,-0.090082857,0.079420408,0.033930612,,,,,,,,,,,,,,
276,-10.875,3.5,-87.9375,-0.07827449,-0.07827449,0.058593776,0.038016224,,,,,,,,,,,,,,
277,-0.625,11.5625,-72.9375,-0.071597959,-0.071597959,0.045489898,0.037617551,,,,,,,,,,,,,,
278,21.375,28.6875,-58.3125,-0.058992347,-0.058992347,0.043048469,0.040457551,,,,,,,,,,,,,,
279,30.6875,41.8125,-47.3125,-0.053760714,-0.053760714,0.050522143,0.040357959,,,,,,,,,,,,,,
280,24.4375,54.125,-44.0625,-0.080466735,-0.080466735,0.052315816,0.010413367,,,,,,,,,,,,,,
281,15,59.8125,-40.9375,-0.03692,-0.03692,0.052664592,0.029047755,,,,,,,,,,,,,,
282,10.0625,58.625,-37.625,-0.088538367,-0.088538367,0.051717959,0.036820408,,,,,,,,,,,,,,
283,28.5,20.6875,-37.375,-0.067562143,-0.067562143,0.048329898,0.054757245,,,,,,,,,,,,,,
284,45.625,-1.75,-43.0625,-0.072494796,-0.072494796,0.046536224,0.072943265,,,,,,,,,,,,,,
285,40.75,-33.9375,-35.5625,-0.085000816,-0.085000816,0.038763571,0.079221122,,,,,,,,,,,,,,
286,44.125,-48.5,-12.875,-0.076082143,-0.076082143,0.020278571,0.073690612,,,,,,,,,,,,,,
287,64.9375,-41.4375,5,-0.064622551,-0.064622551,0.02386602,0.06123449,,,,,,,,,,,,,,
288,68.8125,-39.4375,4.75,-0.073242143,-0.073242143,0.030891224,0.048230204,,,,,,,,,,,,,,
289,46.625,-43.375,5.8125,-0.087242857,-0.087242857,0.036969898,0.047781837,,,,,,,,,,,,,,
290,23.875,-39.25,12.9375,-0.070501837,-0.070501837,0.034329184,0.022271633,,,,,,,,,,,,,,
291,20.1875,-41.25,19.1875,-0.055305306,-0.055305306,0.026008469,0.061882143,,,,,,,,,,,,,,
292,50.6875,-105.438,-24.375,-0.099898367,-0.099898367,0.016143163,0.070900408,,,,,,,,,,,,,,
293,115,-134.25,-22.8125,-0.08126398,-0.08126398,0.008968429,0.065569184,,,,,,,,,,,,,,
294,165.188,-112.438,-10.75,-0.077626735,-0.077626735,0.018833673,0.06561898,,,,,,,,,,,,,,
295,184,-80.1875,2.125,-0.085050612,-0.085050612,0.033183163,0.050821122,,,,,,,,,,,,,,
296,134.688,-60.875,9.875,-0.095165,-0.095165,0.048977551,0.048230204,,,,,,,,,,,,,,
297,65.0625,-31.75,12,-0.073242143,-0.073242143,0.056152347,0.03138949,,,,,,,,,,,,,,
298,5.4375,-25.375,12.6875,-0.082659082,-0.082659082,0.050571939,0.061782551,,,,,,,,,,,,,,
299,-20.75,-38.8125,-8.6875,-0.102140816,-0.102140816,0.028748776,0.060586735,,,,,,,,,,,,,,
300,-5.6875,-33.375,4.3125,-0.079270918,-0.079270918,0.022470918,0.061633061,,,,,,,,,,,,,,
301,10.75,-16.5,11.8125,-0.079868878,-0.079868878,0.029247041,0.064921429,,,,,,,,,,,,,,
302,5.875,-9.6875,27,-0.082659082,-0.082659082,0.034677959,0.062081429,,,,,,,,,,,,,,
303,-19.75,-2.5625,38.875,-0.07274398,-0.07274398,0.032734796,0.057397959,,,,,,,,,,,,,,
304,-25.625,4.5,36.3125,-0.066665306,-0.066665306,0.030442857,0.051319388,,,,,,,,,,,,,,
305,-33.6875,17.75,35.5,-0.064124286,-0.064124286,0.028449898,0.045141122,,,,,,,,,,,,,,
306,-31.3125,37.4375,31.625,-0.072494796,-0.072494796,0.044792347,0.022072347,,,,,,,,,,,,,,
307,-61.375,44.9375,45.375,-0.087890612,-0.087890612,0.061085,0.027802143,,,,,,,,,,,,,,
308,-110.062,40.125,64.4375,-0.087641531,-0.087641531,0.060188163,0.027553061,,,,,,,,,,,,,,
309,-128.062,32.25,72.375,-0.081513061,-0.081513061,0.041852653,0.036322143,,,,,,,,,,,,,,
310,-99.0625,29.8125,72,-0.075683571,-0.075683571,0.024613367,0.041952347,,,,,,,,,,,,,,
311,-45.9375,33.375,74.5625,-0.071398673,-0.071398673,0.032684898,0.041404286,,,,,,,,,,,,,,
312,-17.0625,29.0625,73,-0.073092755,-0.073092755,0.04658602,0.037517959,,,,,,,,,,,,,,
313,-31.375,26.3125,72.375,-0.072494796,-0.072494796,0.054408469,0.039162143,,,,,,,,,,,,,,
314,-49.5,22.5625,71,-0.06706398,-0.06706398,0.045888469,0.039710204,,,,,,,,,,,,,,
315,-57.125,26.25,69.6875,-0.062928469,-0.062928469,0.03990949,0.044891939,,,,,,,,,,,,,,
316,-55.0625,28.4375,63.5625,-0.063376939,-0.063376939,0.039560714,0.050372653,,,,,,,,,,,,,,
317,-48.0625,29.25,55.625,-0.062230918,-0.062230918,0.045689184,0.046087755,,,,,,,,,,,,,,
318,-58.125,20.0625,36.625,-0.064174082,-0.064174082,0.051020408,0.049525714,,,,,,,,,,,,,,
319,-56.4375,29.875,22.5625,-0.057397959,-0.057397959,0.045190918,0.059440816,,,,,,,,,,,,,,
320,-32.0625,47.1875,7.125,-0.061433776,-0.061433776,0.050870918,0.063675816,,,,,,,,,,,,,,
321,-13.4375,63.375,-15.6875,-0.069804286,-0.069804286,0.054856939,0.065967755,,,,,,,,,,,,,,
322,3.5625,70.9375,-38.75,-0.080018367,-0.080018367,0.057547449,0.061433776,,,,,,,,,,,,,,
323,26.6875,104.312,-60.8125,-0.096859082,-0.096859082,0.026905306,0.01818602,,,,,,,,,,,,,,
324,-7.6875,55,-58,-0.134277551,-0.134277551,0.089385408,0.085249898,,,,,,,,,,,,,,
325,15.6875,32.25,-48.625,-0.076929184,-0.076929184,0.034478673,0.060536939,,,,,,,,,,,,,,
326,67.1875,21.625,-58.1875,-0.066814796,-0.066814796,0.042450612,0.057547449,,,,,,,,,,,,,,
327,78.4375,35.9375,-37.6875,-0.074338367,-0.074338367,0.052016939,0.036172653,,,,,,,,,,,,,,
328,21,21.0625,-29.625,-0.092524286,-0.092524286,0.054757245,0.034877245,,,,,,,,,,,,,,
329,-17.0625,7.5,-13.875,-0.08779102,-0.08779102,0.051319388,0.030393061,,,,,,,,,,,,,,
330,-35.4375,15.6875,-0.75,-0.087242857,-0.087242857,0.032734796,0.027204286,,,,,,,,,,,,,,
331,-12.25,11.5625,2.375,-0.052913776,-0.052913776,0.032485612,0.039510918,,,,,,,,,,,,,,
332,23.9375,5.5,-7.6875,-0.075534082,-0.075534082,0.030941122,0.04957551,,,,,,,,,,,,,,
333,45.4375,-10.6875,-20.1875,-0.052565,-0.052565,0.05809551,0.027652653,,,,,,,,,,,,,,
334,32.25,-16.0625,-30.25,-0.063426735,-0.063426735,0.056301837,0.044144592,,,,,,,,,,,,,,
335,21.875,-21.4375,-48,-0.066515816,-0.066515816,0.055903265,0.037268776,,,,,,,,,,,,,,
336,34.625,-8.1875,-62.5625,-0.064821837,-0.064821837,0.057049184,0.026556531,,,,,,,,,,,,,,
337,19.625,6.5625,-74.25,-0.084701837,-0.084701837,0.062131327,0.02969551,,,,,,,,,,,,,,
338,-6.25,14.4375,-78.875,-0.08395449,-0.08395449,0.058045714,0.016990204,,,,,,,,,,,,,,
339,-32.1875,19.125,-90.8125,-0.080267449,-0.080267449,0.039809898,0.02386602,,,,,,,,,,,,,,
340,-21.5625,21.3125,-106.5,-0.085349592,-0.085349592,0.016940408,0.031738265,,,,,,,,,,,,,,
341,19.0625,29.375,-109.688,-0.086645,-0.086645,0.017289184,0.026407041,,,,,,,,,,,,,,
342,25.8125,37.1875,-111.125,-0.095812755,-0.095812755,0.026556531,0.028001429,,,,,,,,,,,,,,
343,12.0625,36.6875,-111.125,-0.100595918,-0.100595918,0.025908776,0.02685551,,,,,,,,,,,,,,
344,-4.875,35.1875,-110.125,-0.101094184,-0.101094184,0.020228776,0.028997959,,,,,,,,,,,,,,
345,-9.0625,34.4375,-109.75,-0.101891327,-0.101891327,0.011559286,0.028499694,,,,,,,,,,,,,,
346,-8.25,35.5625,-109.5,-0.107521429,-0.107521429,0.008918602,0.024713061,,,,,,,,,,,,,,
347,-9.3125,33.25,-100.75,-0.114695918,-0.114695918,0.011459694,0.020776837,,,,,,,,,,,,,,
348,-11.5,29.1875,-88.4375,-0.115642857,-0.115642857,0.010164224,0.017438571,,,,,,,,,,,,,,
349,-9.1875,20.0625,-72.6875,-0.116041837,-0.116041837,0.003188776,0.016491939,,,,,,,,,,,,,,
350,0.6875,12.875,-60.0625,-0.112903061,-0.112903061,-0.005779653,0.020776837,,,,,,,,,,,,,,
351,24.5,8.375,-44.125,-0.108069388,-0.108069388,0.001644214,0.024663163,,,,,,,,,,,,,,
352,40.6875,2.5,-23.875,-0.107621429,-0.107621429,0.026805612,0.030791633,,,,,,,,,,,,,,
353,8,-8.4375,-8.75,-0.110511224,-0.110511224,0.048828163,0.039510918,,,,,,,,,,,,,,
354,-37.6875,5.8125,-2.8125,-0.091079388,-0.091079388,0.030243571,0.027702449,,,,,,,,,,,,,,
355,-32.9375,38.125,-9.5,-0.086993776,-0.086993776,0.012904592,0.022321429,,,,,,,,,,,,,,
356,-43.375,36.0625,-18.5,-0.09815449,-0.09815449,0.003886316,0.018983163,,,,,,,,,,,,,,
357,-58.3125,24.6875,-24.6875,-0.091627449,-0.091627449,-0.02570949,0.03153898,,,,,,,,,,,,,,
358,-38.1875,21.6875,-27.3125,-0.084851327,-0.084851327,-0.052166327,0.038365,,,,,,,,,,,,,,
359,7.6875,26.125,-35.5625,-0.085748163,-0.085748163,-0.047781837,0.029296837,,,,,,,,,,,,,,
360,5.8125,27.5,-50.0625,-0.101791735,-0.101791735,-0.039162143,0.026905306,,,,,,,,,,,,,,
361,-10.375,23.9375,-61.8125,-0.116589796,-0.116589796,-0.066864592,0.028350204,,,,,,,,,,,,,,
362,28.375,18.625,-65.5625,-0.122817347,-0.122817347,-0.080018367,0.025261122,,,,,,,,,,,,,,
363,58.5,5.9375,-58.625,-0.12755102,-0.12755102,-0.061483571,0.024065306,,,,,,,,,,,,,,
364,59.8125,-6.3125,-42.875,-0.12824898,-0.12824898,-0.045938265,0.02556,,,,,,,,,,,,,,
365,57.3125,-16.5625,-27.125,-0.123415306,-0.123415306,-0.036322143,0.02541051,,,,,,,,,,,,,,
366,60.125,-29.5625,-7.375,-0.118781633,-0.118781633,-0.035724286,0.026805612,,,,,,,,,,,,,,
367,82.6875,-45.3125,16.625,-0.110610204,-0.110610204,-0.033233061,0.030841429,,,,,,,,,,,,,,
368,107.938,-62,41.4375,-0.107322449,-0.107322449,-0.028101122,0.031837959,,,,,,,,,,,,,,
369,124.062,-82,64.3125,-0.103884694,-0.103884694,-0.019132653,0.031090612,,,,,,,,,,,,,,
370,126.125,-103.938,78,-0.104033673,-0.104033673,-0.013950918,0.031638673,,,,,,,,,,,,,,
371,133.312,-128.125,77.4375,-0.103834694,-0.103834694,-0.021125612,0.03238602,,,,,,,,,,,,,,
372,163.188,-143.875,64.25,-0.041155102,-0.041155102,-0.022919286,0.02257051,,,,,,,,,,,,,,
373,204.812,-137.938,42.3125,-0.126255102,-0.126255102,-0.004982459,-0.025510204,,,,,,,,,,,,,,
374,216.188,-142.625,12.1875,-0.017438571,-0.017438571,0.026257551,0.008569837,,,,,,,,,,,,,,
375,201.125,-147.375,-47.0625,0.008968429,0.008968429,0.02017898,0.066216939,,,,,,,,,,,,,,
376,169.688,-114.5,-46.1875,-0.143643878,-0.143643878,0.053312347,-0.020627347,,,,,,,,,,,,,,
377,40.6875,-99.8125,-15.6875,-0.05410949,-0.05410949,0.104183673,-0.000747369,,,,,,,,,,,,,,
378,-96.9375,-65.125,2.125,-0.004284918,-0.004284918,0.081064694,0.04289898,,,,,,,,,,,,,,
379,-223.938,30.5625,42.3125,0.005530531,0.005530531,0.029296837,0.012057551,,,,,,,,,,,,,,
380,-238.688,141.75,33,0.006377551,0.006377551,0.00064772,0.024164898,,,,,,,,,,,,,,
381,-189.188,109.188,-77.5625,-0.049774796,-0.049774796,-0.055753776,0.070302551,,,,,,,,,,,,,,
382,-53.6875,-72.5625,-144.438,-0.231534694,-0.231534694,-0.060337653,0.147281633,,,,,,,,,,,,,,
383,65.625,-134.812,26.4375,-0.133230612,-0.133230612,-0.068608469,0.14937449,,,,,,,,,,,,,,
384,359.812,-79.75,195.062,-0.048080714,-0.048080714,-0.024364286,0.065668878,,,,,,,,,,,,,,
385,440.125,-52.625,170.188,-0.002590878,-0.002590878,0.042550204,0.010413367,,,,,,,,,,,,,,
386,255,-7.5625,96.75,-0.001793684,-0.001793684,0.145288776,0.004434388,,,,,,,,,,,,,,
387,-23,25.8125,97.3125,-0.071747449,-0.071747449,0.083605714,-0.060437245,,,,,,,,,,,,,,
388,-107.188,38.75,101.312,-0.131935714,-0.131935714,0.045988163,-0.014150204,,,,,,,,,,,,,,
389,-54.625,27.75,119.5,-0.028599286,-0.028599286,0.019531224,0.05709898,,,,,,,,,,,,,,
390,11.5,7.5,164.438,-0.015196531,-0.015196531,-0.000847018,0.130141837,,,,,,,,,,,,,,
391,118.062,-8.625,110.438,-0.025659694,-0.025659694,-0.032983878,0.112703061,,,,,,,,,,,,,,
392,201.375,47.5625,80.75,-0.097257653,-0.097257653,0.075633776,0.082659082,,,,,,,,,,,,,,
393,58,49.5625,99.4375,-0.10682449,-0.10682449,0.08126398,0.070202857,,,,,,,,,,,,,,
394,-18.9375,42.875,92.8125,-0.103286735,-0.103286735,0.04957551,0.076281531,,,,,,,,,,,,,,
395,0.9375,22.75,78.3125,-0.120326531,-0.120326531,0.037717245,0.082957959,,,,,,,,,,,,,,
396,36.5,-2.875,79.25,-0.127302041,-0.127302041,0.055405,0.079569898,,,,,,,,,,,,,,
397,58.6875,-24.875,75.625,-0.127352041,-0.127352041,0.061782551,0.077377653,,,,,,,,,,,,,,
398,67.625,-39.1875,66.5,-0.117187755,-0.117187755,0.067263265,0.062280816,,,,,,,,,,,,,,
399,51.625,-51.625,60.4375,-0.105378571,-0.105378571,0.076331327,0.046685714,,,,,,,,,,,,,,
400,31.8125,-74.0625,52.25,-0.087193061,-0.087193061,0.07259449,0.032236531,,,,,,,,,,,,,,
401,27.1875,-98.625,33.0625,-0.062529898,-0.062529898,0.066715204,0.023716531,,,,,,,,,,,,,,
402,26.5625,-114.375,9.5,-0.030642143,-0.030642143,0.059390918,0.043397245,,,,,,,,,,,,,,
403,33,-119.625,-6.5625,-0.014897551,-0.014897551,0.061334082,0.035923571,,,,,,,,,,,,,,
404,38.75,-103.875,-28.4375,-0.013751633,-0.013751633,0.060885714,0.036272347,,,,,,,,,,,,,,
405,52.3125,-58.125,-29.5625,-0.053412041,-0.053412041,0.107770408,0.019581122,,,,,,,,,,,,,,
406,-35.1875,-28.1875,-5.6875,-0.075833061,-0.075833061,0.155204082,0.016043571,,,,,,,,,,,,,,
407,-149.688,7.5625,17.4375,-0.051568469,-0.051568469,0.138064286,-0.003388071,,,,,,,,,,,,,,
408,-199.625,78.375,24.5625,-0.020677245,-0.020677245,0.097556633,-0.013602143,,,,,,,,,,,,,,
409,-198.5,166.562,11,0.01973051,0.01973051,0.052913776,0.006028776,,,,,,,,,,,,,,
410,9.8125,22.625,-119.25,-0.129244898,-0.129244898,0.024164898,0.093570612,,,,,,,,,,,,,,
411,128.438,-63.875,27.9375,-0.028997959,-0.028997959,0.045290612,0.054209184,,,,,,,,,,,,,,
412,209.188,-47.8125,58.1875,0.002441408,0.002441408,0.061134796,0.056451327,,,,,,,,,,,,,,
413,182.938,-10.4375,8.25,-0.002541051,-0.002541051,0.103286735,0.042051939,,,,,,,,,,,,,,
414,18.8125,2,-15.875,-0.030492653,-0.030492653,0.115044898,0.021574082,,,,,,,,,,,,,,
415,-70.5,17.625,-4.375,-0.036272347,-0.036272347,0.078722857,0.015395816,,,,,,,,,,,,,,
416,-101.875,53.1875,17.1875,-0.024214796,-0.024214796,0.075683571,0.01150949,,,,,,,,,,,,,,
417,-91,63.0625,7.5625,-0.026108061,-0.026108061,0.045838673,0.058892653,,,,,,,,,,,,,,
418,-20.75,28.6875,-23.875,-0.036820408,-0.036820408,0.068359388,0.052863878,,,,,,,,,,,,,,
419,-11.875,12.75,-37.4375,-0.042550204,-0.042550204,0.085249898,0.044393776,,,,,,,,,,,,,,
420,-39.1875,33.8125,-25.5625,-0.055903265,-0.055903265,0.074437959,0.046037959,,,,,,,,,,,,,,
421,-15.3125,43.3125,-15.1875,-0.049774796,-0.049774796,0.07543449,0.056650612,,,,,,,,,,,,,,
422,-8.8125,30.75,-23.75,-0.053113061,-0.053113061,0.083007857,0.050671633,,,,,,,,,,,,,,
423,-30.5,11.375,-24.875,-0.069256224,-0.069256224,0.077277959,0.059590204,,,,,,,,,,,,,,
424,-21.0625,-10.75,-17.4375,-0.064373367,-0.064373367,0.061882143,0.058842857,,,,,,,,,,,,,,
425,2.125,-4.875,-18,-0.051169898,-0.051169898,0.056102551,0.059291327,,,,,,,,,,,,,,
426,18.3125,5.3125,-19.625,-0.052863878,-0.052863878,0.059640102,0.05410949,,,,,,,,,,,,,,
427,6.75,14.25,-23.5,-0.049226735,-0.049226735,0.07129898,0.050372653,,,,,,,,,,,,,,
428,-29.625,12.3125,-19.3125,-0.054458265,-0.054458265,0.079121531,0.059839388,,,,,,,,,,,,,,
429,-49.6875,9.5,-9.75,-0.05809551,-0.05809551,0.065967755,0.057497653,,,,,,,,,,,,,,
430,-46.1875,16.8125,-14.3125,-0.058245,-0.058245,0.049226735,0.065967755,,,,,,,,,,,,,,
431,1.8125,23,-9.875,-0.062031633,-0.062031633,0.049924286,0.068608469,,,,,,,,,,,,,,
432,31.1875,20.6875,-12.875,-0.06407449,-0.06407449,0.058494082,0.065369898,,,,,,,,,,,,,,
433,38.0625,4,-13.5625,-0.070153061,-0.070153061,0.059789592,0.064971327,,,,,,,,,,,,,,
434,46,-22.4375,-24,-0.065021122,-0.065021122,0.062031633,0.062828878,,,,,,,,,,,,,,
435,63.75,-30.125,-27.5,-0.060437245,-0.060437245,0.070651327,0.052764286,,,,,,,,,,,,,,
436,47,-17.5625,-30.25,-0.064473061,-0.064473061,0.075783265,0.037368469,,,,,,,,,,,,,,
437,7.25,-2.0625,-34.3125,-0.065917959,-0.065917959,0.064871633,0.034877245,,,,,,,,,,,,,,
438,-9.5625,5.375,-48.3125,-0.057746735,-0.057746735,0.045290612,0.036222449,,,,,,,,,,,,,,
439,1.125,18.8125,-65.6875,-0.055604286,-0.055604286,0.047433061,0.033183163,,,,,,,,,,,,,,
440,3.1875,22.875,-80.0625,-0.06646602,-0.06646602,0.050073776,0.037318673,,,,,,,,,,,,,,
441,3.25,22,-97.75,-0.057148878,-0.057148878,0.045041429,0.030841429,,,,,,,,,,,,,,
442,15.6875,25.25,-109.312,-0.059540408,-0.059540408,0.046037959,0.030891224,,,,,,,,,,,,,,
443,36.1875,21.8125,-115.312,-0.07782602,-0.07782602,0.052016939,0.029247041,,,,,,,,,,,,,,
444,25.375,6.9375,-96.625,-0.085797959,-0.085797959,0.054906735,0.035823878,,,,,,,,,,,,,,
445,12.3125,-8.3125,-82.375,-0.076580408,-0.076580408,0.046087755,0.042450612,,,,,,,,,,,,,,
446,20.9375,-12.6875,-81.25,-0.080466735,-0.080466735,0.042500408,0.051867449,,,,,,,,,,,,,,
447,39,-15.375,-79.1875,-0.105080612,-0.105080612,0.070003571,0.048977551,,,,,,,,,,,,,,
448,5.8125,-22.25,-73.8125,-0.12795,-0.12795,0.077377653,0.053461837,,,,,,,,,,,,,,
449,-35.875,-46.3125,-52.875,-0.154905102,-0.154905102,0.06377551,0.062878673,,,,,,,,,,,,,,
450,-40.75,-77.625,-35.4375,-0.14239898,-0.14239898,0.057397959,0.056401429,,,,,,,,,,,,,,
451,-27.25,-88.625,-25.25,-0.137765306,-0.137765306,0.055604286,0.084153776,,,,,,,,,,,,,,
452,-18.0625,-107,-14.4375,-0.142996939,-0.142996939,0.075035918,0.051867449,,,,,,,,,,,,,,
453,-42.75,-128.812,-1.0625,-0.144341837,-0.144341837,0.076630306,0.067412755,,,,,,,,,,,,,,
454,-59.9375,-139.188,6.8125,-0.131736735,-0.131736735,0.07558398,0.071199388,,,,,,,,,,,,,,
455,-69.625,-150.625,7.625,-0.122419388,-0.122419388,0.071896939,0.073939694,,,,,,,,,,,,,,
456,-71.25,-158.312,6.375,-0.114247959,-0.114247959,0.068608469,0.064772041,,,,,,,,,,,,,,
457,-76.625,-167.062,16.875,-0.105030612,-0.105030612,0.063177653,0.060686429,,,,,,,,,,,,,,
458,-68.25,-171.812,30.3125,-0.086246429,-0.086246429,0.052116531,0.051120102,,,,,,,,,,,,,,
459,-51.125,-179.438,36.125,-0.075035918,-0.075035918,0.046386735,0.049675102,,,,,,,,,,,,,,
460,-43.6875,-192.938,33.0625,-0.06661551,-0.06661551,0.032834388,0.033531939,,,,,,,,,,,,,,
461,-39.375,-200.812,35.4375,-0.052216224,-0.052216224,0.021823163,0.026955102,,,,,,,,,,,,,,
462,-25.4375,-200,29.3125,-0.037468163,-0.037468163,0.014399286,0.015595102,,,,,,,,,,,,,,
463,-50.3125,-213,-109.438,-0.013054082,-0.013054082,0.02002949,0.054308878,,,,,,,,,,,,,,
464,-57.3125,-166.5,-161.875,0.025061735,0.025061735,0.033980408,0.087691327,,,,,,,,,,,,,,
465,-63.8125,-145.938,-198.125,0.038713776,0.038713776,0.044742551,0.096111735,,,,,,,,,,,,,,
466,-69.875,-132.438,-233.5,0.053860408,0.053860408,0.056501122,0.09785551,,,,,,,,,,,,,,
467,-80.1875,-112.5,-262.938,0.067711633,0.067711633,0.053611327,0.100446429,,,,,,,,,,,,,,
468,-70.375,-86.8125,-279.562,0.083805,0.083805,0.045340408,0.102987755,,,,,,,,,,,,,,
469,-36.4375,-59.1875,-288.688,0.082409898,0.082409898,0.045539694,0.102090816,,,,,,,,,,,,,,
470,-22.75,-47.6875,-293.5,0.070750918,0.070750918,0.043845714,0.090033061,,,,,,,,,,,,,,
471,-18.25,-44.1875,-287.312,0.065070918,0.065070918,0.035574796,0.076929184,,,,,,,,,,,,,,
472,62.0625,-10.8125,-249.375,0.056002857,0.056002857,0.059789592,0.021623878,,,,,,,,,,,,,,
473,9.5,73.6875,-247.562,0.004384571,0.004384571,0.07274398,-0.0142,,,,,,,,,,,,,,
474,0.6875,97.5,-221.125,-0.0095165,-0.0095165,0.072694082,-0.023965612,,,,,,,,,,,,,,
475,15.6875,127.125,-202.875,-0.008370531,-0.008370531,0.067263265,-0.040009184,,,,,,,,,,,,,,
476,23.5,145.938,-200.875,-0.028150918,-0.028150918,0.082310306,-0.05839449,,,,,,,,,,,,,,
477,-5.0625,162,-183.562,-0.063576224,-0.063576224,0.081911633,-0.060038673,,,,,,,,,,,,,,
478,9.375,184.438,-154.875,-0.081911633,-0.081911633,0.080267449,-0.072096224,,,,,,,,,,,,,,
479,-10.25,277.375,-119.938,-0.136818367,-0.136818367,0.119529592,-0.111159184,,,,,,,,,,,,,,
480,-61.5,336.375,-82,-0.164570408,-0.164570408,0.120077551,-0.145089796,,,,,,,,,,,,,,
481,-90.8125,396.438,-55.0625,-0.21275102,-0.21275102,0.126355102,-0.200992857,,,,,,,,,,,,,,
482,-110,456.625,-29.4375,-0.30527551,-0.30527551,0.152064286,-0.22032449,,,,,,,,,,,,,,
483,-136.562,524.688,1.8125,-0.371541837,-0.371541837,0.188436735,-0.22007551,,,,,,,,,,,,,,
484,-229.312,598.062,69.75,-0.470941837,-0.470941837,0.176179592,-0.218580612,,,,,,,,,,,,,,
485,-291.375,646.562,209.125,-0.594059184,-0.594059184,0.131935714,-0.209562245,,,,,,,,,,,,,,
486,-241.812,641.688,341.25,-0.641890816,-0.641890816,0.103834694,-0.141004082,,,,,,,,,,,,,,
487,-259.125,656.812,398.625,-0.674127551,-0.674127551,0.100047857,-0.069505306,,,,,,,,,,,,,,
488,-332.125,645.25,455.938,-0.67492449,-0.67492449,0.037966327,-0.005032286,,,,,,,,,,,,,,
489,-346.375,613.625,488.812,-0.56107551,-0.56107551,0.068807755,0.068907449,,,,,,,,,,,,,,
490,-499.875,598.375,531.75,-0.415387755,-0.415387755,0.164321429,0.017687755,,,,,,,,,,,,,,
491,-676.688,544.938,617.562,-0.348672449,-0.348672449,0.272988776,-0.098951735,,,,,,,,,,,,,,
492,-723.938,400.562,723.375,-0.338458163,-0.338458163,0.233976531,-0.131287755,,,,,,,,,,,,,,
493,-510.25,212.625,803.812,-0.293616327,-0.293616327,0.156947959,-0.097805714,,,,,,,,,,,,,,
494,-457.438,12.4375,808.062,-0.21315,-0.21315,0.177076531,-0.049475816,,,,,,,,,,,,,,
495,-446.875,-120.375,793.5,-0.108219388,-0.108219388,0.198202041,-0.035076531,,,,,,,,,,,,,,
496,-310.375,-116.688,796.812,-0.062430204,-0.062430204,0.164819388,-0.072395204,,,,,,,,,,,,,,
497,-125,-117.812,740.875,-0.080167857,-0.080167857,0.166813265,-0.073640816,,,,,,,,,,,,,,
498,-96.125,-98.1875,683.062,-0.089285714,-0.089285714,0.151566327,-0.059988878,,,,,,,,,,,,,,
499,-45.875,-74,579.688,-0.082160816,-0.082160816,0.098453469,-0.03522602,,,,,,,,,,,,,,
500,56.125,-76.125,479.875,-0.11384898,-0.11384898,0.097755918,-0.026656122,,,,,,,,,,,,,,
501,105.062,-113.188,368.125,-0.173787755,-0.173787755,0.066067449,-0.024613367,,,,,,,,,,,,,,
502,118.75,-174.062,328.312,-0.184002041,-0.184002041,0.015993673,0.047482857,,,,,,,,,,,,,,
503,158,-234.75,248.812,-0.153659184,-0.153659184,-0.050472347,0.082659082,,,,,,,,,,,,,,
504,220.188,-203.938,143.75,-0.152712245,-0.152712245,-0.021474388,0.066366429,,,,,,,,,,,,,,
505,230.562,-178.188,139.25,-0.161082653,-0.161082653,-0.057148878,0.069156531,,,,,,,,,,,,,,
506,107.312,-12.625,-124.75,-0.033980408,-0.033980408,0.097706122,0.073242143,,,,,,,,,,,,,,
507,105.75,-27.4375,-92.4375,-0.015694796,-0.015694796,0.109664286,0.067362857,,,,,,,,,,,,,,
508,89.1875,-40.5,-109.562,-0.003388071,-0.003388071,0.118831633,0.063376939,,,,,,,,,,,,,,
509,68.5,-54.6875,-125.125,-0.012306633,-0.012306633,0.112703061,0.065021122,,,,,,,,,,,,,,
510,64.75,-64.125,-127.188,-0.02854949,-0.02854949,0.091627449,0.063327041,,,,,,,,,,,,,,
511,84.875,-64.8125,-122.25,-0.018435102,-0.018435102,0.109415306,0.069555204,,,,,,,,,,,,,,
512,71.875,-65,-125.562,0.002690531,0.002690531,0.133131633,0.066067449,,,,,,,,,,,,,,
513,40.25,-65.5625,-139,0.014748061,0.014748061,0.122618367,0.068608469,,,,,,,,,,,,,,
514,40.6875,-71.0625,-146.438,-0.001644214,-0.001644214,0.099001531,0.063526429,,,,,,,,,,,,,,
515,46.25,-71.8125,-141.812,-0.014548776,-0.014548776,0.096809184,0.056052653,,,,,,,,,,,,,,
516,32.875,-76.8125,-129.688,0.000398597,0.000398597,0.114197959,0.056650612,,,,,,,,,,,,,,
517,1.6875,-79.9375,-130.562,0.018783878,0.018783878,0.111408163,0.050621837,,,,,,,,,,,,,,
518,-11.0625,-82,-135.312,0.006726327,0.006726327,0.087492041,0.050273061,,,,,,,,,,,,,,
519,3,-91.6875,-125.625,-0.012057551,-0.012057551,0.081363571,0.044144592,,,,,,,,,,,,,,
520,10.25,-105.125,-115.812,-0.015096837,-0.015096837,0.086993776,0.038464592,,,,,,,,,,,,,,
521,8.875,-113.312,-112.312,-0.012356531,-0.012356531,0.085000816,0.038863163,,,,,,,,,,,,,,
522,14,-101.812,-115.75,-0.008719306,-0.008719306,0.088588163,0.037966327,,,,,,,,,,,,,,
523,20.0625,-93.5,-121.312,-0.015794388,-0.015794388,0.092574184,0.040108776,,,,,,,,,,,,,,
524,9.3125,-87.375,-130.5,-0.018484898,-0.018484898,0.093371327,0.033830918,,,,,,,,,,,,,,
525,-7.75,-83.625,-138.5,-0.022022449,-0.022022449,0.093720102,0.038813367,,,,,,,,,,,,,,
526,-22.4375,-81,-156.562,-0.032136837,-0.032136837,0.065320102,0.035475102,,,,,,,,,,,,,,
527,9.875,-118.5,-144.125,-0.051618265,-0.051618265,0.114646939,0.059042143,,,,,,,,,,,,,,
528,61.9375,-127.25,-150.688,-0.015246327,-0.015246327,0.074089184,0.0426,,,,,,,,,,,,,,
529,99.4375,-118.188,-174.75,-0.017737551,-0.017737551,0.079370612,0.033830918,,,,,,,,,,,,,,
530,104.812,-106.188,-195.75,-0.039411224,-0.039411224,0.074288469,0.030442857,,,,,,,,,,,,,,
531,105.5,-109.375,-221.938,-0.051070204,-0.051070204,0.085150306,0.030243571,,,,,,,,,,,,,,
532,101.562,-109.75,-226.562,-0.04857898,-0.04857898,0.094816224,0.035525,,,,,,,,,,,,,,
533,92.9375,-105.125,-231.688,-0.043297551,-0.043297551,0.094467449,0.039859694,,,,,,,,,,,,,,
534,105.125,-92.5625,-235.5,-0.04105551,-0.04105551,0.093172041,0.044543163,,,,,,,,,,,,,,
535,130.875,-73.6875,-227.812,-0.042450612,-0.042450612,0.097706122,0.04703449,,,,,,,,,,,,,,
536,131.188,-64.0625,-204,-0.048230204,-0.048230204,0.108767347,0.043945306,,,,,,,,,,,,,,
537,91.5,-70.5625,-193.312,-0.04658602,-0.04658602,0.107671429,0.039062449,,,,,,,,,,,,,,
538,52,-60.4375,-193.062,-0.039710204,-0.039710204,0.102837755,0.045091327,,,,,,,,,,,,,,
539,43.4375,-29.4375,-175.938,-0.040806327,-0.040806327,0.100047857,0.044393776,,,,,,,,,,,,,,
540,31.5625,4.8125,-145.125,-0.046635816,-0.046635816,0.098005,0.038016224,,,,,,,,,,,,,,
541,26.6875,28.125,-116.688,-0.044144592,-0.044144592,0.088588163,0.036720714,,,,,,,,,,,,,,
542,41.1875,47,-94.8125,-0.040009184,-0.040009184,0.086296224,0.037318673,,,,,,,,,,,,,,
543,46.3125,64.5,-78.125,-0.040507449,-0.040507449,0.087691327,0.032734796,,,,,,,,,,,,,,
544,28.0625,81.9375,-62.3125,-0.038813367,-0.038813367,0.090979796,0.030393061,,,,,,,,,,,,,,
545,2.625,96.375,-48.8125,-0.037169184,-0.037169184,0.081164286,0.033432347,,,,,,,,,,,,,,
546,-9.25,106.812,-38.4375,-0.040308163,-0.040308163,0.064522857,0.041354388,,,,,,,,,,,,,,
547,-2.9375,111,-31.375,-0.044692653,-0.044692653,0.055056224,0.044493367,,,,,,,,,,,,,,
548,3.125,104.375,-33.3125,-0.067362857,-0.067362857,0.046336939,0.041155102,,,,,,,,,,,,,,
549,5.1875,42.75,-53.4375,-0.122518367,-0.122518367,0.022022449,0.063177653,,,,,,,,,,,,,,
550,69.375,-12.9375,-50.0625,-0.064821837,-0.064821837,0.053661122,0.054607755,,,,,,,,,,,,,,
551,117.875,-59.1875,-43.0625,-0.062081429,-0.062081429,0.067910918,0.054657653,,,,,,,,,,,,,,
552,94.3125,-60.125,-37.375,-0.051618265,-0.051618265,0.084851327,0.013602143,,,,,,,,,,,,,,
553,12.9375,-46.3125,1.0625,-0.076979082,-0.076979082,0.070750918,0.04987449,,,,,,,,,,,,,,
554,42.125,-69,2.75,-0.060835816,-0.060835816,0.055355102,0.03422949,,,,,,,,,,,,,,
555,95.375,-85.25,-21.1875,-0.050422551,-0.050422551,0.041603571,0.067263265,,,,,,,,,,,,,,
556,106.688,-92.125,-38.3125,-0.082160816,-0.082160816,0.060038673,0.042201429,,,,,,,,,,,,,,
557,79.5,-84.25,-27.125,-0.082459694,-0.082459694,0.050821122,0.046785306,,,,,,,,,,,,,,
558,73.125,-57.625,-26,-0.080317245,-0.080317245,0.049824592,0.046237245,,,,,,,,,,,,,,
559,59,-35.8125,-24.125,-0.086694796,-0.086694796,0.052216224,0.037916531,,,,,,,,,,,,,,
560,19.0625,-20.9375,-24.75,-0.09217551,-0.09217551,0.054358673,0.029795102,,,,,,,,,,,,,,
561,-8.9375,-24,-26.6875,-0.091577653,-0.091577653,0.046635816,0.033681429,,,,,,,,,,,,,,
562,-20.625,-25.4375,-32.8125,-0.08365551,-0.08365551,0.035325612,0.035724286,,,,,,,,,,,,,,
563,-14.5,-15.6875,-45.625,-0.07558398,-0.07558398,0.029745306,0.034428776,,,,,,,,,,,,,,
564,-1.5625,4.375,-66.75,-0.074786735,-0.074786735,0.028300408,0.030691939,,,,,,,,,,,,,,
565,14.1875,26.0625,-89.5625,-0.085598673,-0.085598673,0.030891224,0.023666735,,,,,,,,,,,,,,
566,19,38.75,-104.062,-0.101393061,-0.101393061,0.029994388,0.016790918,,,,,,,,,,,,,,
567,11.4375,46.875,-106.062,-0.109066327,-0.109066327,0.026955102,0.016143163,,,,,,,,,,,,,,
568,1.4375,46.5625,-100.438,-0.110361224,-0.110361224,0.016043571,0.021324898,,,,,,,,,,,,,,
569,0.25,44.0625,-96.8125,-0.109066327,-0.109066327,-0.000448421,0.027802143,,,,,,,,,,,,,,
570,12.5625,42.9375,-83,-0.108767347,-0.108767347,-0.009317204,0.037966327,,,,,,,,,,,,,,
571,25.4375,40.8125,-65.4375,-0.102140816,-0.102140816,-0.006776143,0.045240714,,,,,,,,,,,,,,
572,25.125,39,-57.8125,-0.099798673,-0.099798673,-0.005331235,0.048280102,,,,,,,,,,,,,,
573,14.125,34.125,-53,-0.104531633,-0.104531633,-0.006477204,0.052116531,,,,,,,,,,,,,,
574,4.25,27.8125,-48.5625,-0.109415306,-0.109415306,-0.005430888,0.054408469,,,,,,,,,,,,,,
575,4.375,21.5,-48.25,-0.116788776,-0.116788776,-0.001793684,0.052863878,,,,,,,,,,,,,,
576,9.3125,16.5625,-49.875,-0.119927551,-0.119927551,0.00184351,0.046386735,,,,,,,,,,,,,,
577,12.5625,12.875,-49.125,-0.117835714,-0.117835714,0.001345265,0.038962857,,,,,,,,,,,,,,
578,17.5625,5.1875,-40.875,-0.108567347,-0.108567347,-0.006128429,0.034777551,,,,,,,,,,,,,,
579,29.125,-1.75,-26.3125,-0.09202602,-0.09202602,-0.009815449,0.034129898,,,,,,,,,,,,,,
580,44.25,0.875,-14.125,-0.07543449,-0.07543449,-0.00852001,0.031339694,,,,,,,,,,,,,,
581,51.5625,0.125,-11.1875,-0.074786735,-0.074786735,0.000398597,0.03238602,,,,,,,,,,,,,,
582,44.625,-6.75,-11.25,-0.076381122,-0.076381122,0.010263878,0.03537551,,,,,,,,,,,,,,
583,33.375,-9.0625,-12.125,-0.076779694,-0.076779694,0.0142,0.036571224,,,,,,,,,,,,,,
584,22.5,-7.0625,-14.5,-0.079420408,-0.079420408,0.016192959,0.039809898,,,,,,,,,,,,,,
585,20.625,-2.875,-19.3125,-0.08111449,-0.08111449,0.014000714,0.041005612,,,,,,,,,,,,,,
586,27.625,0.875,-23.1875,-0.087392347,-0.087392347,0.012356531,0.043696224,,,,,,,,,,,,,,
587,35.75,2.3125,-24.6875,-0.09247449,-0.09247449,0.010911633,0.043347449,,,,,,,,,,,,,,
588,35.75,1.3125,-22.5,-0.093819796,-0.093819796,0.011758571,0.04573898,,,,,,,,,,,,,,
589,31.6875,3.8125,-21.5,-0.089734184,-0.089734184,0.007473694,0.042550204,,,,,,,,,,,,,,
590,23.1875,5.9375,-16.875,-0.089684286,-0.089684286,0.003537551,0.036322143,,,,,,,,,,,,,,
591,9.875,2.875,-9.5625,-0.091677347,-0.091677347,0.006427378,0.035126327,,,,,,,,,,,,,,
592,-5.9375,-2.8125,-3,-0.08933551,-0.08933551,0.004434388,0.034329184,,,,,,,,,,,,,,
593,-16.375,-6.8125,4.25,-0.08779102,-0.08779102,0.000996492,0.03422949,,,,,,,,,,,,,,
594,-15.9375,-9,11.25,-0.08978398,-0.08978398,-0.003786673,0.03422949,,,,,,,,,,,,,,
595,-5.8125,-11.4375,19.9375,-0.092125714,-0.092125714,-0.006178255,0.03537551,,,,,,,,,,,,,,
596,7.25,-13.25,29.6875,-0.09247449,-0.09247449,-0.004982459,0.034329184,,,,,,,,,,,,,,
597,12.6875,-14.0625,36.9375,-0.093670306,-0.093670306,-0.001893337,0.03422949,,,,,,,,,,,,,,
598,11.5,-13.4375,43.1875,-0.094417653,-0.094417653,0.000946667,0.034727755,,,,,,,,,,,,,,
599,5.0625,-11.8125,47.25,-0.096609898,-0.096609898,0.002391582,0.03422949,,,,,,,,,,,,,,
600,-3.6875,-10.75,50.4375,-0.099051327,-0.099051327,0.003587367,0.03537551,,,,,,,,,,,,,,
601,-12.3125,-7.875,51.0625,-0.101492755,-0.101492755,0.005630184,0.035724286,,,,,,,,,,,,,,
602,-18,-3.3125,45.5625,-0.107172449,-0.107172449,0.010313673,0.035176224,,,,,,,,,,,,,,
603,-22.4375,-0.1875,38.3125,-0.108866327,-0.108866327,0.011260408,0.033183163,,,,,,,,,,,,,,
604,-22.375,1.0625,32.9375,-0.104980612,-0.104980612,0.009815449,0.031937551,,,,,,,,,,,,,,
605,-15.875,2.4375,27.125,-0.100147449,-0.100147449,0.010164224,0.030343163,,,,,,,,,,,,,,
606,-4.8125,4.4375,18.375,-0.09631102,-0.09631102,0.013352959,0.027702449,,,,,,,,,,,,,,
607,2.4375,7.25,6.4375,-0.096161531,-0.096161531,0.018385306,0.026257551,,,,,,,,,,,,,,
608,6.375,12.3125,-10.125,-0.097905408,-0.097905408,0.024264592,0.025908776,,,,,,,,,,,,,,
609,9.5,19.1875,-30.4375,-0.101791735,-0.101791735,0.02825051,0.024962143,,,,,,,,,,,,,,
610,14.375,26.625,-50.125,-0.103933673,-0.103933673,0.027851939,0.026407041,,,,,,,,,,,,,,
611,23.9375,34.25,-66,-0.103983673,-0.103983673,0.025161429,0.027901837,,,,,,,,,,,,,,
612,37.5,40.5,-76.875,-0.102140816,-0.102140816,0.019481429,0.02954602,,,,,,,,,,,,,,
613,52.25,44.9375,-82,-0.098901837,-0.098901837,0.015894082,0.02954602,,,,,,,,,,,,,,
614,59.4375,46.5,-83.0625,-0.095812755,-0.095812755,0.014997245,0.028997959,,,,,,,,,,,,,,
615,52.0625,44.375,-82.125,-0.092225408,-0.092225408,0.01704,0.029197245,,,,,,,,,,,,,,
616,30.6875,38.6875,-80.0625,-0.090431633,-0.090431633,0.019282143,0.026357245,,,,,,,,,,,,,,
617,-0.125,30.875,-76.875,-0.089285714,-0.089285714,0.01818602,0.025111633,,,,,,,,,,,,,,
618,-28.3125,23.625,-71.875,-0.089933469,-0.089933469,0.014748061,0.023168469,,,,,,,,,,,,,,
619,-46.3125,17.3125,-63.625,-0.094567143,-0.094567143,0.010363469,0.021623878,,,,,,,,,,,,,,
620,-51.875,11.6875,-52.875,-0.100894898,-0.100894898,0.00767299,0.020776837,,,,,,,,,,,,,,
621,-46.375,5.625,-41.0625,-0.105279592,-0.105279592,0.003587367,0.019381735,,,,,,,,,,,,,,
622,-31.125,-1.4375,-29.0625,-0.108866327,-0.108866327,-0.001395092,0.018534796,,,,,,,,,,,,,,
623,-6.5,-8.3125,-17.0625,-0.108767347,-0.108767347,-0.004185265,0.018833673,,,,,,,,,,,,,,
624,19.5,-13.1875,-6.25,-0.10657449,-0.10657449,-0.002889827,0.018783878,,,,,,,,,,,,,,
625,39.1875,-16.3125,2.5625,-0.10667449,-0.10667449,-0.000797194,0.017737551,,,,,,,,,,,,,,
626,49.25,-19.75,10.9375,-0.105677551,-0.105677551,0.00298948,0.016641429,,,,,,,,,,,,,,
627,51.0625,-23.4375,19.3125,-0.102787755,-0.102787755,0.004633694,0.016591633,,,,,,,,,,,,,,
628,48.625,-26.25,27.875,-0.099699082,-0.099699082,0.005729827,0.017488469,,,,,,,,,,,,,,
629,43.8125,-27.125,36.625,-0.094816224,-0.094816224,0.009117908,0.017936837,,,,,,,,,,,,,,
630,34.4375,-26.1875,43,-0.092723571,-0.092723571,0.011858265,0.018086327,,,,,,,,,,,,,,
631,20.125,-25.1875,47.5625,-0.091976224,-0.091976224,0.013552245,0.018734082,,,,,,,,,,,,,,
632,5.0625,-24.3125,50.6875,-0.092524286,-0.092524286,0.014648469,0.01988,,,,,,,,,,,,,,
633,-8.5625,-23.875,51.4375,-0.094317959,-0.094317959,0.01390102,0.020378265,,,,,,,,,,,,,,
634,-19.6875,-23.375,51.3125,-0.094816224,-0.094816224,0.013701735,0.021075816,,,,,,,,,,,,,,
635,-29.875,-21.5625,50.1875,-0.093969184,-0.093969184,0.013950918,0.021773367,,,,,,,,,,,,,,
636,-38.9375,-19.125,47.125,-0.094965714,-0.094965714,0.012655408,0.021823163,,,,,,,,,,,,,,
637,-47.125,-16.625,44.6875,-0.094666735,-0.094666735,0.008769133,0.021374796,,,,,,,,,,,,,,
638,-48.8125,-14.875,43.625,-0.096061837,-0.096061837,0.004534041,0.020926327,,,,,,,,,,,,,,
639,-47.5,-13.4375,45.375,-0.096709592,-0.096709592,0.002889827,0.023317959,,,,,,,,,,,,,,
640,-45.5,-10.5625,48.9375,-0.097307449,-0.097307449,0.002242112,0.023367755,,,,,,,,,,,,,,
641,-46.125,-7.1875,47.0625,-0.100645714,-0.100645714,0.01121051,0.023816122,,,,,,,,,,,,,,
642,-56,-2.3125,40.5,-0.105777551,-0.105777551,0.015744592,0.02401551,,,,,,,,,,,,,,
643,-66.8125,1.25,35.625,-0.105279592,-0.105279592,0.010214082,0.026456837,,,,,,,,,,,,,,
644,-66.6875,4.25,38.8125,-0.101941122,-0.101941122,0.000498246,0.032485612,,,,,,,,,,,,,,
645,-51.75,8.625,45.875,-0.098453469,-0.098453469,-0.003985969,0.037468163,,,,,,,,,,,,,,
646,-30.625,15.9375,47.875,-0.098852041,-0.098852041,0.004284918,0.038863163,,,,,,,,,,,,,,
647,-24.4375,23.375,42.8125,-0.102439796,-0.102439796,0.016691224,0.037767041,,,,,,,,,,,,,,
648,-37,27.3125,34.625,-0.107272449,-0.107272449,0.024463878,0.038315102,,,,,,,,,,,,,,
649,-52.5,26.625,26.75,-0.109963265,-0.109963265,0.02386602,0.040258265,,,,,,,,,,,,,,
650,-53.5,22,26.8125,-0.108368367,-0.108368367,0.013452653,0.043795816,,,,,,,,,,,,,,
651,-33.875,14.5,32.875,-0.100894898,-0.100894898,0.004434388,0.042948776,,,,,,,,,,,,,,
652,-9.75,6,41.5,-0.093221837,-0.093221837,0.005331235,0.039062449,,,,,,,,,,,,,,
653,3.25,-2.125,50.8125,-0.086445714,-0.086445714,0.012306633,0.036471633,,,,,,,,,,,,,,
654,-1.75,-8.9375,57.375,-0.081413469,-0.081413469,0.020677245,0.03408,,,,,,,,,,,,,,
655,-17.875,-14.0625,59.6875,-0.078075204,-0.078075204,0.024962143,0.034030204,,,,,,,,,,,,,,
656,-30.4375,-18.5625,59.6875,-0.07513551,-0.07513551,0.023816122,0.036421837,,,,,,,,,,,,,,
657,-29.1875,-21.75,59.5625,-0.073292041,-0.073292041,0.022670204,0.040208469,,,,,,,,,,,,,,
658,-15.375,-24.6875,57.6875,-0.073242143,-0.073242143,0.022819694,0.042799388,,,,,,,,,,,,,,
659,3.75,-25.875,56.8125,-0.076929184,-0.076929184,0.022122143,0.04544,,,,,,,,,,,,,,
660,21.9375,-26.4375,59.625,-0.078722857,-0.078722857,0.024962143,0.044393776,,,,,,,,,,,,,,
661,26.0625,-25.3125,60.5,-0.078772755,-0.078772755,0.034528469,0.044343878,,,,,,,,,,,,,,
662,17.375,-22.3125,57.3125,-0.081662551,-0.081662551,0.040258265,0.044045,,,,,,,,,,,,,,
663,5.25,-19.0625,52.75,-0.085050612,-0.085050612,0.042151633,0.045190918,,,,,,,,,,,,,,
664,-3.6875,-13.6875,49.4375,-0.08679449,-0.08679449,0.038713776,0.048180408,,,,,,,,,,,,,,
665,-2.5625,-7.9375,49.1875,-0.085947449,-0.085947449,0.033531939,0.051070204,,,,,,,,,,,,,,
666,4.0625,-2.9375,52.0625,-0.083555918,-0.083555918,0.029496122,0.051369184,,,,,,,,,,,,,,
667,6,0.5,58.5,-0.079569898,-0.079569898,0.030791633,0.050870918,,,,,,,,,,,,,,
668,-1.75,3.1875,62.625,-0.073590918,-0.073590918,0.031489184,0.047183878,,,,,,,,,,,,,,
669,-14.25,5.3125,63.25,-0.070302551,-0.070302551,0.035126327,0.046137551,,,,,,,,,,,,,,
670,-22.1875,8.1875,61.3125,-0.070551633,-0.070551633,0.039560714,0.044194388,,,,,,,,,,,,,,
671,-21.75,11.75,56.1875,-0.074288469,-0.074288469,0.045041429,0.043297551,,,,,,,,,,,,,,
672,-18.3125,14.625,49.3125,-0.078075204,-0.078075204,0.052216224,0.041354388,,,,,,,,,,,,,,
673,-12.1875,15.625,39,-0.08066602,-0.08066602,0.053113061,0.038414796,,,,,,,,,,,,,,
674,-5.125,12.625,34.625,-0.079370612,-0.079370612,0.048080714,0.035973367,,,,,,,,,,,,,,
675,3.9375,10.6875,37.0625,-0.073790306,-0.073790306,0.045091327,0.032186735,,,,,,,,,,,,,,
676,7.5625,8.9375,39.75,-0.069056939,-0.069056939,0.043447041,0.028150918,,,,,,,,,,,,,,
677,8.5,9.8125,40.125,-0.065718673,-0.065718673,0.049824592,0.026157959,,,,,,,,,,,,,,
678,7.3125,11.25,32.375,-0.065270204,-0.065270204,0.057049184,0.027403571,,,,,,,,,,,,,,
679,6.8125,12.125,24.5,-0.064373367,-0.064373367,0.064124286,0.028499694,,,,,,,,,,,,,,
680,-0.4375,16.375,13.75,-0.065419694,-0.065419694,0.069953776,0.028599286,,,,,,,,,,,,,,
681,-5.9375,14.4375,4.625,-0.069056939,-0.069056939,0.076929184,0.034279388,,,,,,,,,,,,,,
682,-4.3125,10.125,-9,-0.06990398,-0.06990398,0.080317245,0.036770612,,,,,,,,,,,,,,
683,-5.5625,12.75,-20.3125,-0.071000102,-0.071000102,0.078523571,0.036421837,,,,,,,,,,,,,,
684,-0.8125,15.4375,-23.0625,-0.073939694,-0.073939694,0.075534082,0.035774082,,,,,,,,,,,,,,
685,4.8125,13.9375,-20,-0.083256939,-0.083256939,0.067113776,0.032087041,,,,,,,,,,,,,,
686,5.25,-5.0625,-61.9375,-0.08918602,-0.08918602,0.058245,0.04558949,,,,,,,,,,,,,,
687,51.375,29,23.1875,-0.037966327,-0.037966327,0.067313061,0.030243571,,,,,,,,,,,,,,
688,12.0625,14.5,-23,-0.069953776,-0.069953776,0.08495102,0.016840714,,,,,,,,,,,,,,
689,-11.8125,-12.1875,-32.625,-0.08365551,-0.08365551,0.066117245,0.040407755,,,,,,,,,,,,,,
690,16.375,-18.25,-6.9375,-0.067213367,-0.067213367,0.084851327,0.046087755,,,,,,,,,,,,,,
691,-4.9375,-9.3125,5.25,-0.055205714,-0.055205714,0.086395918,0.0284,,,,,,,,,,,,,,
692,-39.4375,9.5625,22.4375,-0.05555449,-0.05555449,0.069505306,0.030941122,,,,,,,,,,,,,,
693,-20.375,19.4375,28,-0.051867449,-0.051867449,0.064373367,0.039012653,,,,,,,,,,,,,,
694,-2.25,17.5625,23.625,-0.055405,-0.055405,0.074288469,0.031439286,,,,,,,,,,,,,,
695,-24.125,11.6875,21.4375,-0.059241429,-0.059241429,0.08410398,0.030791633,,,,,,,,,,,,,,
696,-52.3125,9.3125,24.0625,-0.055205714,-0.055205714,0.080616224,0.031987449,,,,,,,,,,,,,,
697,-59.5625,16.375,21.5,-0.050123571,-0.050123571,0.064174082,0.031987449,,,,,,,,,,,,,,
698,-38.6875,26.0625,18.875,-0.054009898,-0.054009898,0.060487041,0.032784592,,,,,,,,,,,,,,
699,-18.5,30.375,15.875,-0.06078602,-0.06078602,0.066665306,0.03138949,,,,,,,,,,,,,,
700,-16.5,27.6875,10.375,-0.065369898,-0.065369898,0.067811327,0.028898265,,,,,,,,,,,,,,
701,-19.625,22.125,7.1875,-0.069555204,-0.069555204,0.064273776,0.031439286,,,,,,,,,,,,,,
702,-15.25,15.9375,0.5625,-0.073242143,-0.073242143,0.058743265,0.034179694,,,,,,,,,,,,,,
703,-3.25,18.3125,2.4375,-0.069505306,-0.069505306,0.057497653,0.030691939,,,,,,,,,,,,,,
704,-2.25,21.125,-0.4375,-0.074288469,-0.074288469,0.060985306,0.030592347,,,,,,,,,,,,,,
705,-5.375,19.0625,-2.0625,-0.07782602,-0.07782602,0.063476531,0.027254082,,,,,,,,,,,,,,
706,-18.4375,16.8125,-4.4375,-0.078822551,-0.078822551,0.068608469,0.028300408,,,,,,,,,,,,,,
707,-31.1875,15.375,-6.375,-0.07558398,-0.07558398,0.064273776,0.026407041,,,,,,,,,,,,,,
708,-32.1875,16.5625,-10.8125,-0.074587449,-0.074587449,0.057148878,0.030542449,,,,,,,,,,,,,,
709,-14.6875,15.5,-14,-0.077776224,-0.077776224,0.055056224,0.030990918,,,,,,,,,,,,,,
710,-1.5,11.4375,-15.875,-0.08066602,-0.08066602,0.057995816,0.027602857,,,,,,,,,,,,,,
711,-7.6875,3.9375,-22,-0.081363571,-0.081363571,0.061334082,0.024065306,,,,,,,,,,,,,,
712,-25.0625,-2.125,-30.75,-0.079719388,-0.079719388,0.058743265,0.02556,,,,,,,,,,,,,,
713,-31.8125,-5.625,-41.5,-0.077776224,-0.077776224,0.05126949,0.027054796,,,,,,,,,,,,,,
714,-21.6875,-5.25,-48.75,-0.080915204,-0.080915204,0.046137551,0.026058265,,,,,,,,,,,,,,
715,-5.0625,-3.6875,-51.375,-0.089933469,-0.089933469,0.051518673,0.027702449,,,,,,,,,,,,,,
716,2.5625,-10.4375,-53.125,-0.100346735,-0.100346735,0.055305306,0.028300408,,,,,,,,,,,,,,
717,4,-25.25,-59.25,-0.107471429,-0.107471429,0.047781837,0.032784592,,,,,,,,,,,,,,
718,5.75,-28.0625,-63.4375,-0.098503265,-0.098503265,0.033830918,0.038365,,,,,,,,,,,,,,
719,0.5,-40.625,-66.5625,-0.101343265,-0.101343265,0.017089796,0.054707449,,,,,,,,,,,,,,
720,11.4375,-52.0625,-69.5625,-0.122817347,-0.122817347,-0.004384571,0.054458265,,,,,,,,,,,,,,
721,48.25,-76.375,-64.3125,-0.087392347,-0.087392347,-0.001395092,0.06930602,,,,,,,,,,,,,,
722,63.0625,-82.5,-63.5625,-0.119429592,-0.119429592,0.015545306,0.098802245,,,,,,,,,,,,,,
723,70,-123.812,-79.5,-0.116340816,-0.116340816,0.048180408,0.084652041,,,,,,,,,,,,,,
724,64.125,-160.312,-80.75,-0.109315306,-0.109315306,0.049475816,0.081413469,,,,,,,,,,,,,,
725,79.3125,-188.938,-77.5,-0.110710204,-0.110710204,0.042201429,0.070053367,,,,,,,,,,,,,,
726,136.25,-228.25,-60.8125,-0.126056122,-0.126056122,0.030592347,0.066017653,,,,,,,,,,,,,,
727,193.312,-255.812,-19,-0.126305102,-0.126305102,0.061682857,0.04374602,,,,,,,,,,,,,,
728,183.938,-263.625,39.875,-0.10672449,-0.10672449,0.082509592,0.013801429,,,,,,,,,,,,,,
729,114,-265.938,84.8125,-0.088289184,-0.088289184,0.079918673,0.004085622,,,,,,,,,,,,,,
730,82.0625,-275.812,95.9375,-0.074637245,-0.074637245,0.056202143,-0.000597896,,,,,,,,,,,,,,
731,75.25,-274.812,72,-0.076480816,-0.076480816,0.031190204,-0.013452653,,,,,,,,,,,,,,
732,73.625,-251.812,63.25,-0.071548163,-0.071548163,0.0142,-0.015744592,,,,,,,,,,,,,,
733,77.625,-188.562,66.9375,-0.051717959,-0.051717959,0.022421122,-0.006427378,,,,,,,,,,,,,,
734,56.3125,-110.625,50.9375,-0.033880714,-0.033880714,0.04105551,-0.005779653,,,,,,,,,,,,,,
735,26.875,-47.125,12.125,-0.022670204,-0.022670204,0.045938265,0.002590878,,,,,,,,,,,,,,
736,13.1875,4.625,-31.0625,-0.009217551,-0.009217551,0.046137551,0.016242857,,,,,,,,,,,,,,
737,26.4375,57.3125,-72.8125,0.008918602,0.008918602,0.042849184,0.035275816,,,,,,,,,,,,,,
738,60.4375,107.75,-111.688,0.020477959,0.020477959,0.04558949,0.054009898,,,,,,,,,,,,,,
739,95.1875,137.812,-145.812,0.014748061,0.014748061,0.057049184,0.068807755,,,,,,,,,,,,,,
740,102.75,133.438,-172.5,0.001096143,0.001096143,0.06975449,0.083705306,,,,,,,,,,,,,,
741,91.5625,113.75,-172.75,-0.011708776,-0.011708776,0.081612755,0.084701837,,,,,,,,,,,,,,
742,72.3125,94.5625,-150.938,-0.028150918,-0.028150918,0.102688776,0.089385408,,,,,,,,,,,,,,
743,44.5,74.8125,-112.312,-0.050621837,-0.050621837,0.111159184,0.096958673,,,,,,,,,,,,,,
744,19.5,47.3125,-58.3125,-0.059390918,-0.059390918,0.102538776,0.103186735,,,,,,,,,,,,,,
745,22.4375,21.3125,-10.9375,-0.050621837,-0.050621837,0.085648469,0.10682449,,,,,,,,,,,,,,
746,40.3125,-2.6875,24.1875,-0.039560714,-0.039560714,0.077776224,0.102339796,,,,,,,,,,,,,,
747,38.125,-16.5625,44.875,-0.029097551,-0.029097551,0.080416939,0.092125714,,,,,,,,,,,,,,
748,12.3125,-18.8125,56.6875,-0.026905306,-0.026905306,0.075235204,0.085150306,,,,,,,,,,,,,,
749,-11.25,-14.5,58.375,-0.031190204,-0.031190204,0.071498367,0.077875918,,,,,,,,,,,,,,
750,-29.0625,-6.375,51.9375,-0.03692,-0.03692,0.069405714,0.067562143,,,,,,,,,,,,,,
751,-43.5625,5.9375,42.6875,-0.044443571,-0.044443571,0.065917959,0.06078602,,,,,,,,,,,,,,
752,-51.3125,16.8125,30,-0.052515102,-0.052515102,0.062978367,0.053262551,,,,,,,,,,,,,,
753,-52.1875,27,15.4375,-0.060337653,-0.060337653,0.062529898,0.046635816,,,,,,,,,,,,,,
754,-51.4375,35.5,4.4375,-0.06646602,-0.06646602,0.060985306,0.039062449,,,,,,,,,,,,,,
755,-59,40.6875,1.25,-0.071199388,-0.071199388,0.059640102,0.037368469,,,,,,,,,,,,,,
756,-66.625,47.1875,-1.625,-0.070402143,-0.070402143,0.063725714,0.033233061,,,,,,,,,,,,,,
757,-78.25,52.5,-7.375,-0.071747449,-0.071747449,0.060337653,0.032585306,,,,,,,,,,,,,,
758,-75.125,55.75,-12.3125,-0.07259449,-0.07259449,0.058444286,0.034428776,,,,,,,,,,,,,,
759,-64.1875,58.1875,-17.0625,-0.076132041,-0.076132041,0.056451327,0.031588776,,,,,,,,,,,,,,
760,-50.6875,64.125,-21.125,-0.075882857,-0.075882857,0.059590204,0.030442857,,,,,,,,,,,,,,
761,-35,69.25,-29.8125,-0.076530612,-0.076530612,0.070651327,0.029944592,,,,,,,,,,,,,,
762,-28.4375,70.125,-45.6875,-0.082210612,-0.082210612,0.07413898,0.025908776,,,,,,,,,,,,,,
763,-23.3125,64,-61,-0.090481531,-0.090481531,0.073640816,0.025759286,,,,,,,,,,,,,,
764,-19.125,53.25,-65.375,-0.097706122,-0.097706122,0.064971327,0.026656122,,,,,,,,,,,,,,
765,-6.6875,32.4375,-56.5625,-0.097257653,-0.097257653,0.069555204,0.033133367,,,,,,,,,,,,,,
766,1.625,1.25,-52.0625,-0.092873061,-0.092873061,0.065120816,0.041753061,,,,,,,,,,,,,,
767,46.8125,-33.375,-39.4375,-0.079270918,-0.079270918,0.073391633,0.041603571,,,,,,,,,,,,,,
768,41.4375,-43.5625,-49.5,-0.065818367,-0.065818367,0.060636531,0.033233061,,,,,,,,,,,,,,
769,46.1875,-31.3125,-61.625,-0.069156531,-0.069156531,0.067362857,0.000249123,,,,,,,,,,,,,,
770,4.375,-16.75,-55.0625,-0.063725714,-0.063725714,0.058992347,0.010014745,,,,,,,,,,,,,,
771,58.125,-12.125,-61.75,-0.064473061,-0.064473061,0.054458265,0.010811939,,,,,,,,,,,,,,
772,69.5,-14.25,-60.125,-0.064722143,-0.064722143,0.065668878,0.012705306,,,,,,,,,,,,,,
773,69.4375,-17.375,-61.3125,-0.066665306,-0.066665306,0.066117245,0.021922857,,,,,,,,,,,,,,
774,80.75,-24.5,-56.625,-0.075085714,-0.075085714,0.078872347,0.033930612,,,,,,,,,,,,,,
775,68.4375,-39.5625,-41.3125,-0.078772755,-0.078772755,0.095364286,0.047682143,,,,,,,,,,,,,,
776,26.6875,-60.9375,-38.9375,-0.076132041,-0.076132041,0.094965714,0.061334082,,,,,,,,,,,,,,
777,-12.9375,-73.0625,-39.9375,-0.072395204,-0.072395204,0.070153061,0.077178367,,,,,,,,,,,,,,
778,-25.625,-62.25,-23.3125,-0.06975449,-0.06975449,0.055056224,0.116589796,,,,,,,,,,,,,,
779,-7.6875,-66.875,-1.75,-0.105827551,-0.105827551,0.042948776,0.102239796,,,,,,,,,,,,,,
780,-15.3125,-109.562,20,-0.076929184,-0.076929184,0.04090602,0.156847959,,,,,,,,,,,,,,
781,-7.875,-131.438,11.25,-0.08350602,-0.08350602,0.056800102,0.146534694,,,,,,,,,,,,,,
782,-20.0625,-145.25,4.875,-0.101243673,-0.101243673,0.071996531,0.1421,,,,,,,,,,,,,,
783,-84.375,-130.125,11.5625,-0.110112245,-0.110112245,0.048678673,0.131187755,,,,,,,,,,,,,,
784,-104.938,-121.5,23.625,-0.102289796,-0.102289796,0.020527755,0.130340816,,,,,,,,,,,,,,
785,-44.3125,-118.938,32.375,-0.098104694,-0.098104694,0.01434949,0.129493878,,,,,,,,,,,,,,
786,6.1875,-121.438,45.875,-0.099699082,-0.099699082,0.036322143,0.108368367,,,,,,,,,,,,,,
787,-17.5625,-125.562,49.9375,-0.082011327,-0.082011327,0.04274949,0.083805,,,,,,,,,,,,,,
788,-30.3125,-123.875,50.8125,-0.070701122,-0.070701122,0.028300408,0.04987449,,,,,,,,,,,,,,
789,-30.3125,-141.812,59.4375,-0.07129898,-0.07129898,0.034877245,0.035076531,,,,,,,,,,,,,,
790,-25.25,-177.562,48.125,-0.06930602,-0.06930602,0.024862449,0.013004184,,,,,,,,,,,,,,
791,-21,-218.125,28.3125,-0.076331327,-0.076331327,0.034628061,-0.003487724,,,,,,,,,,,,,,
792,-70.8125,-257.062,-0.0625,-0.086595204,-0.086595204,0.035275816,-0.010313673,,,,,,,,,,,,,,
793,-112.562,-281.438,-29.625,-0.070352347,-0.070352347,0.022072347,-0.004185265,,,,,,,,,,,,,,
794,-137.375,-291.938,-65.75,-0.053212653,-0.053212653,0.020776837,-0.003537551,,,,,,,,,,,,,,
795,-146.688,-276,-108.875,-0.038115816,-0.038115816,0.026008469,0.004882816,,,,,,,,,,,,,,
796,-135.125,-209.75,-227.312,0.017986735,0.017986735,0.02825051,0.059291327,,,,,,,,,,,,,,
797,-125.875,-186.812,-248.812,0.045639388,0.045639388,0.042450612,0.071249184,,,,,,,,,,,,,,
798,-120.75,-156.312,-281.188,0.067462551,0.067462551,0.069256224,0.078922245,,,,,,,,,,,,,,
799,-120.438,-124.188,-323.688,0.086196633,0.086196633,0.063974796,0.074437959,,,,,,,,,,,,,,
800,-79.4375,-81.75,-336.062,0.092873061,0.092873061,0.035624592,0.081313776,,,,,,,,,,,,,,
801,-3.75,-35.75,-317.188,0.09063102,0.09063102,0.036272347,0.074637245,,,,,,,,,,,,,,
802,47.6875,-10.25,-319.688,0.090730612,0.090730612,0.045190918,0.053312347,,,,,,,,,,,,,,
803,72.0625,1.5625,-326.188,0.074786735,0.074786735,0.047931327,0.037368469,,,,,,,,,,,,,,
804,87.75,24.1875,-337.688,0.053262551,0.053262551,0.064572653,-0.025659694,,,,,,,,,,,,,,
805,50.4375,117.375,-288.312,-0.01390102,-0.01390102,0.064024592,-0.06277898,,,,,,,,,,,,,,
806,31.0625,202.25,-225,-0.077626735,-0.077626735,0.105428571,-0.134426531,,,,,,,,,,,,,,
807,-4.125,269.125,-198.312,-0.111159184,-0.111159184,0.125907143,-0.182757143,,,,,,,,,,,,,,
808,-50.3125,345.625,-198.312,-0.136270408,-0.136270408,0.17045,-0.239507143,,,,,,,,,,,,,,
809,-91.875,433.188,-122.938,-0.279615306,-0.279615306,0.17742551,-0.269053061,,,,,,,,,,,,,,
810,-38.75,534.375,-87.1875,-0.307567347,-0.307567347,0.235421429,-0.286242857,,,,,,,,,,,,,,
811,-129,624.688,-19.1875,-0.376923469,-0.376923469,0.286491837,-0.204679592,,,,,,,,,,,,,,
812,-240.5,667.938,157.188,-0.64602551,-0.64602551,0.164919388,-0.180116327,,,,,,,,,,,,,,
813,-131.625,669.75,326,-0.748914286,-0.748914286,0.11379898,-0.190479592,,,,,,,,,,,,,,
814,-38.3125,695.125,355.25,-0.643933673,-0.643933673,0.155602041,0.025759286,,,,,,,,,,,,,,
815,-139.188,723.562,343,-0.723503061,-0.723503061,0.091727143,0.082360102,,,,,,,,,,,,,,
816,-292.312,721,365.688,-0.635413265,-0.635413265,0.104083673,0.09830398,,,,,,,,,,,,,,
817,-504.312,722.625,423.812,-0.46177449,-0.46177449,0.226552041,0.044443571,,,,,,,,,,,,,,
818,-757.062,678.188,557.438,-0.389528571,-0.389528571,0.325803061,-0.090232347,,,,,,,,,,,,,,
819,-844.5,539.688,743.875,-0.378667347,-0.378667347,0.259785714,-0.131885714,,,,,,,,,,,,,,
820,-702.875,268.562,841.688,-0.346779592,-0.346779592,0.08350602,-0.062181122,,,,,,,,,,,,,,
821,-491.75,-29.5625,896,-0.169204082,-0.169204082,0.176179592,0.015545306,,,,,,,,,,,,,,
822,-358.25,-96.375,875.625,-0.050123571,-0.050123571,0.251016327,-0.064772041,,,,,,,,,,,,,,
823,-246.125,-18.1875,793.625,0.007374041,0.007374041,0.235869388,-0.133729592,,,,,,,,,,,,,,
824,-101.5,-33.6875,700.062,-0.128646939,-0.128646939,0.217534694,-0.102538776,,,,,,,,,,,,,,
825,-162.438,-37.6875,624.5,-0.202835714,-0.202835714,0.152363265,-0.146284694,,,,,,,,,,,,,,
826,-62.1875,-64.1875,504.125,-0.157395918,-0.157395918,0.09347102,-0.083356633,,,,,,,,,,,,,,
827,30.25,-81.4375,433.75,-0.126704082,-0.126704082,0.095414184,-0.042450612,,,,,,,,,,,,,,
828,103.312,-83.25,349.875,-0.147430612,-0.147430612,0.07543449,-0.039959388,,,,,,,,,,,,,,
829,113,-131.562,291.5,-0.14165102,-0.14165102,-0.009068082,-0.019381735,,,,,,,,,,,,,,
830,155.25,-127.438,222.75,-0.132583673,-0.132583673,-0.02685551,0.030691939,,,,,,,,,,,,,,
831,189.625,-133.5,184,-0.130291837,-0.130291837,-0.022470918,0.052315816,,,,,,,,,,,,,,
832,263.938,-138.375,154.25,-0.057447755,-0.057447755,-0.02570949,0.068010612,,,,,,,,,,,,,,
833,310.312,-109.562,119,-0.008868786,-0.008868786,-0.016591633,0.082459694,,,,,,,,,,,,,,
834,310.438,-55.25,72.4375,0.027951633,0.027951633,-0.005231582,0.096111735,,,,,,,,,,,,,,
835,280.875,-17.4375,11.8125,0.023567041,0.023567041,0.013352959,0.111159184,,,,,,,,,,,,,,
836,248.062,2.25,-31.125,0.005929133,0.005929133,0.015694796,0.123914286,,,,,,,,,,,,,,
837,241,9.75,-58.0625,0.004484214,0.004484214,0.019282143,0.130041837,,,,,,,,,,,,,,
838,233.938,19.4375,-78.375,0.006477204,0.006477204,0.027154388,0.140157143,,,,,,,,,,,,,,
839,229.812,30.6875,-92.0625,0.001245612,0.001245612,0.020079286,0.137416327,,,,,,,,,,,,,,
840,247.812,36.9375,-150.688,-0.050273061,-0.050273061,0.058842857,0.104083673,,,,,,,,,,,,,,
841,169.312,-155.125,-244,-0.064522857,-0.064522857,0.1278,0.078174796,,,,,,,,,,,,,,
842,82.625,-271.812,-174.688,0.007922112,0.007922112,0.151168367,0.072644286,,,,,,,,,,,,,,
843,48.3125,-292.062,-115.875,0.002740357,0.002740357,0.149623469,0.078673061,,,,,,,,,,,,,,
844,18.125,-302.938,-71.625,0.02286949,0.02286949,0.16307551,0.077576939,,,,,,,,,,,,,,
845,-42.625,-314.812,-20.5,0.045091327,0.045091327,0.151018367,0.066117245,,,,,,,,,,,,,,
846,-77,-329.625,22.0625,0.033233061,0.033233061,0.121123469,0.069854082,,,,,,,,,,,,,,
847,-78.5,-344.5,63.8125,0.021524286,0.021524286,0.106923469,0.071847143,,,,,,,,,,,,,,
848,-90.4375,-346.75,108.625,0.040357959,0.040357959,0.116240816,0.063028163,,,,,,,,,,,,,,
849,-149.938,-344.688,136.625,0.063227449,0.063227449,0.110810204,0.064323571,,,,,,,,,,,,,,
850,-190.375,-339.688,134.625,0.060487041,0.060487041,0.087043571,0.06123449,,,,,,,,,,,,,,
851,-182.312,-335.375,133.125,0.066515816,0.066515816,0.073989592,0.055056224,,,,,,,,,,,,,,
852,-153.812,-323.062,134.875,0.082310306,0.082310306,0.081164286,0.039162143,,,,,,,,,,,,,,
853,-162.125,-286.625,136.5,0.071448469,0.071448469,0.071647755,0.035275816,,,,,,,,,,,,,,
854,-179.188,-254.5,130.438,0.05709898,0.05709898,0.062131327,0.030642143,,,,,,,,,,,,,,
855,-185,-227.812,108.188,0.052066735,0.052066735,0.047134082,0.016342449,,,,,,,,,,,,,,
856,-176.688,-187.125,69.5625,0.029396531,0.029396531,0.043845714,0.002590878,,,,,,,,,,,,,,
857,-163.938,-118.562,3.9375,-0.003388071,-0.003388071,0.030044286,-0.016990204,,,,,,,,,,,,,,
858,-126.062,-70.5625,-73.75,-0.061035204,-0.061035204,0.004185265,-0.011160714,,,,,,,,,,,,,,
859,-84.875,-32.5625,-136,-0.079569898,-0.079569898,0.015943878,-0.032485612,,,,,,,,,,,,,,
860,-76.1875,12.125,-171.312,-0.070103265,-0.070103265,0.051369184,-0.040656939,,,,,,,,,,,,,,
861,-91.0625,37.1875,-210.938,-0.056002857,-0.056002857,0.070601531,-0.033880714,,,,,,,,,,,,,,
862,-70.3125,45.375,-260.25,-0.024463878,-0.024463878,0.084552347,-0.024065306,,,,,,,,,,,,,,
863,-33.8125,50.25,-308.312,-0.000398597,-0.000398597,0.114895918,-0.025759286,,,,,,,,,,,,,,
864,-10.4375,60.8125,-343.688,0.0066765,0.0066765,0.14244898,-0.008420357,,,,,,,,,,,,,,
865,0.875,67.375,-374,0.009018255,0.009018255,0.164022449,0.005580357,,,,,,,,,,,,,,
866,39.0625,70.0625,-387.75,0.025609898,0.025609898,0.177923469,0.016292653,,,,,,,,,,,,,,
867,77.375,68.875,-387.312,0.028748776,0.028748776,0.211406122,0.010413367,,,,,,,,,,,,,,
868,78.75,53.6875,-382.75,0.03408,0.03408,0.212552041,0.019481429,,,,,,,,,,,,,,
869,86,32.5625,-360.125,0.049525714,0.049525714,0.206323469,0.02556,,,,,,,,,,,,,,
870,89.375,13.875,-324.812,0.074886429,0.074886429,0.197505102,0.033183163,,,,,,,,,,,,,,
871,88.5,3,-276.188,0.082160816,0.082160816,0.180116327,0.044891939,,,,,,,,,,,,,,
872,67.375,-10.0625,-211.625,0.082310306,0.082310306,0.159936735,0.060387449,,,,,,,,,,,,,,
873,47.9375,-29,-133.5,0.082758673,0.082758673,0.155353061,0.061533367,,,,,,,,,,,,,,
874,28.375,-46.5,-65.125,0.077228163,0.077228163,0.142846939,0.055953061,,,,,,,,,,,,,,
875,0.5,-60.9375,-9.125,0.071797245,0.071797245,0.129742857,0.048977551,,,,,,,,,,,,,,
876,-14.875,-70,33.625,0.056650612,0.056650612,0.112903061,0.044842143,,,,,,,,,,,,,,
877,-15.25,-78.5,59.75,0.039959388,0.039959388,0.110810204,0.041454082,,,,,,,,,,,,,,
878,-25.875,-83.9375,71.4375,0.026407041,0.026407041,0.101841531,0.036770612,,,,,,,,,,,,,,
879,-33.0625,-81.8125,72.75,0.016392347,0.016392347,0.097357347,0.03692,,,,,,,,,,,,,,
880,-38.875,-75.875,62.4375,0.000847018,0.000847018,0.098602959,0.036023163,,,,,,,,,,,,,,
881,-48.125,-68.5,49.75,-0.014548776,-0.014548776,0.10199102,0.034279388,,,,,,,,,,,,,,
882,-61,-56.375,36,-0.02301898,-0.02301898,0.099649184,0.034129898,,,,,,,,,,,,,,
883,-73,-44,16.1875,-0.027752347,-0.027752347,0.089385408,0.034578265,,,,,,,,,,,,,,
884,-70.5,-24.875,0.1875,-0.026905306,-0.026905306,0.083555918,0.035724286,,,,,,,,,,,,,,
885,-75.5,-4.9375,-20.0625,-0.029097551,-0.029097551,0.084153776,0.03706949,,,,,,,,,,,,,,
886,-88.5625,11.9375,-43.6875,-0.029844898,-0.029844898,0.085548878,0.036421837,,,,,,,,,,,,,,
887,-117.062,23,-69.125,-0.031788061,-0.031788061,0.082260408,0.039361429,,,,,,,,,,,,,,
888,-134.062,40.3125,-88.4375,-0.025759286,-0.025759286,0.07513551,0.039809898,,,,,,,,,,,,,,
889,-137.438,69,-105.062,-0.023068776,-0.023068776,0.07129898,0.039311633,,,,,,,,,,,,,,
890,-131.75,97.625,-120.188,-0.024713061,-0.024713061,0.068907449,0.039560714,,,,,,,,,,,,,,
891,-115.688,125,-131,-0.026905306,-0.026905306,0.068409184,0.039660408,,,,,,,,,,,,,,
892,-94.3125,145.875,-138.188,-0.030990918,-0.030990918,0.068957245,0.039959388,,,,,,,,,,,,,,
893,-71.875,159.25,-143.312,-0.035624592,-0.035624592,0.073740408,0.039361429,,,,,,,,,,,,,,
894,-52.4375,165.5,-144.688,-0.040856224,-0.040856224,0.073690612,0.037119388,,,,,,,,,,,,,,
895,-31,164.188,-141.562,-0.046785306,-0.046785306,0.071398673,0.038813367,,,,,,,,,,,,,,
896,-10.875,161.812,-135.938,-0.052664592,-0.052664592,0.070601531,0.043995102,,,,,,,,,,,,,,
897,11.25,159.625,-126.062,-0.057597245,-0.057597245,0.074188878,0.044593061,,,,,,,,,,,,,,
898,21.5625,157.312,-114.812,-0.065220408,-0.065220408,0.082957959,0.044045,,,,,,,,,,,,,,
899,9.375,154.812,-104.5,-0.067960816,-0.067960816,0.080616224,0.048030918,,,,,,,,,,,,,,
900,2.125,148.812,-92.625,-0.072843571,-0.072843571,0.076580408,0.052764286,,,,,,,,,,,,,,
901,-17.1875,132.188,-81.6875,-0.115094898,-0.115094898,0.071049898,0.065569184,,,,,,,,,,,,,,
902,-32.9375,69.5625,-69.8125,-0.107222449,-0.107222449,0.049974082,0.087143265,,,,,,,,,,,,,,
903,-2.4375,24.375,-63.625,-0.051668163,-0.051668163,0.036770612,0.094517347,,,,,,,,,,,,,,
904,50,-32.875,-65.875,-0.072943265,-0.072943265,0.048778265,0.107820408,,,,,,,,,,,,,,
905,59.6875,-11.9375,-40.375,-0.048529184,-0.048529184,0.056052653,0.02685551,,,,,,,,,,,,,,
906,-33.6875,-5.25,-0.6875,-0.052863878,-0.052863878,0.061782551,0.04842949,,,,,,,,,,,,,,
907,-73.9375,-20.25,-5.5625,-0.049326327,-0.049326327,0.01449898,0.068508878,,,,,,,,,,,,,,
908,-17.625,-50.625,-42.3125,-0.079270918,-0.079270918,0.015844184,0.04573898,,,,,,,,,,,,,,
909,14.625,-79.8125,-52.625,-0.068857653,-0.068857653,0.016591633,0.067313061,,,,,,,,,,,,,,
910,1.625,-95.25,-48.8125,-0.103933673,-0.103933673,0.02401551,0.042699694,,,,,,,,,,,,,,
911,8.5,-98.1875,-45.4375,-0.102488776,-0.102488776,0.020577551,0.042251224,,,,,,,,,,,,,,
912,47.375,-93.625,-57,-0.106226531,-0.106226531,0.025360714,0.033631633,,,,,,,,,,,,,,
913,41.4375,-96.75,-58,-0.124312245,-0.124312245,0.031190204,0.029944592,,,,,,,,,,,,,,
914,29.5,-110.062,-47.25,-0.112753061,-0.112753061,0.013851224,0.031887755,,,,,,,,,,,,,,
915,47.375,-97.5625,-56.8125,-0.082509592,-0.082509592,-0.007423867,0.031937551,,,,,,,,,,,,,,
916,91.75,-62.5,-78.625,-0.074188878,-0.074188878,-0.0142,0.023666735,,,,,,,,,,,,,,
917,124.625,-20.5625,-86.25,-0.078772755,-0.078772755,-0.002590878,0.014997245,,,,,,,,,,,,,,
918,113.938,-2.8125,-88.9375,-0.087292755,-0.087292755,0.009964918,0.012306633,,,,,,,,,,,,,,
919,75.375,3,-94.4375,-0.079171327,-0.079171327,0.015395816,0.014399286,,,,,,,,,,,,,,
920,43.8125,15.9375,-95.625,-0.071049898,-0.071049898,0.015844184,0.02272,,,,,,,,,,,,,,
921,31.5,31.0625,-97.8125,-0.066316531,-0.066316531,0.016143163,0.030542449,,,,,,,,,,,,,,
922,35.125,40.625,-103,-0.069555204,-0.069555204,0.015096837,0.039660408,,,,,,,,,,,,,,
923,48.5625,46.5625,-111.125,-0.076430918,-0.076430918,0.016242857,0.044393776,,,,,,,,,,,,,,
924,62.625,51.1875,-112.812,-0.081612755,-0.081612755,0.014997245,0.050721429,,,,,,,,,,,,,,
925,81.9375,56.625,-113.812,-0.080865306,-0.080865306,0.012107347,0.056999388,,,,,,,,,,,,,,
926,104.812,63.3125,-117.125,-0.082858367,-0.082858367,0.009068082,0.058543878,,,,,,,,,,,,,,
927,122,68.875,-121.562,-0.086595204,-0.086595204,0.008470184,0.057995816,,,,,,,,,,,,,,
928,122.75,74.125,-125.812,-0.089933469,-0.089933469,0.011409796,0.056800102,,,,,,,,,,,,,,
929,110.188,78.375,-129.438,-0.092972755,-0.092972755,0.012804898,0.056052653,,,,,,,,,,,,,,
930,88.5625,78.3125,-130.25,-0.093819796,-0.093819796,0.01136,0.05425898,,,,,,,,,,,,,,
931,61.375,74.1875,-126.812,-0.095613469,-0.095613469,0.010413367,0.053910204,,,,,,,,,,,,,,
932,33.875,69,-119.312,-0.097905408,-0.097905408,0.010114398,0.051568469,,,,,,,,,,,,,,
933,8.375,65.6875,-109.375,-0.100795204,-0.100795204,0.010712245,0.047881429,,,,,,,,,,,,,,
934,-14.8125,60.8125,-97.9375,-0.106126531,-0.106126531,0.007872286,0.043696224,,,,,,,,,,,,,,
935,-31.6875,52.875,-80.375,-0.107322449,-0.107322449,0.004434388,0.040108776,,,,,,,,,,,,,,
936,-42.6875,46,-60.25,-0.108567347,-0.108567347,0.001295439,0.039411224,,,,,,,,,,,,,,
937,-48.375,39.375,-39.0625,-0.112903061,-0.112903061,-0.003537551,0.037468163,,,,,,,,,,,,,,
938,-48.9375,29.875,-15.375,-0.116589796,-0.116589796,-0.005879306,0.037866735,,,,,,,,,,,,,,
939,-46,20.0625,6.25,-0.126505102,-0.126505102,-0.004633694,0.035574796,,,,,,,,,,,,,,
940,-45.6875,7.3125,25.5625,-0.131387755,-0.131387755,-0.004982459,0.034777551,,,,,,,,,,,,,,
941,-41.3125,-6.5,45,-0.133779592,-0.133779592,-0.007274398,0.03422949,,,,,,,,,,,,,,
942,-31,-22.625,64.4375,-0.126554082,-0.126554082,-0.010363469,0.030990918,,,,,,,,,,,,,,
943,-20.375,-37.75,84.125,-0.11394898,-0.11394898,-0.009117908,0.029247041,,,,,,,,,,,,,,
944,-13.9375,-52.5625,103.062,-0.096609898,-0.096609898,-0.011310204,0.026407041,,,,,,,,,,,,,,
945,-10.875,-61.25,124.5,-0.083555918,-0.083555918,-0.014947347,0.027702449,,,,,,,,,,,,,,
946,-2.625,-60.125,137.125,-0.084901122,-0.084901122,-0.005929133,0.027303878,,,,,,,,,,,,,,
947,-2.4375,-57.4375,137.125,-0.093371327,-0.093371327,0.008569837,0.022122143,,,,,,,,,,,,,,
948,-17.9375,-56.875,127.562,-0.101542551,-0.101542551,0.024115102,0.020477959,,,,,,,,,,,,,,
949,-40.125,-58.4375,110.875,-0.109963265,-0.109963265,0.034677959,0.019929796,,,,,,,,,,,,,,
950,-61.1875,-63,92.1875,-0.116290816,-0.116290816,0.038165612,0.020876531,,,,,,,,,,,,,,
951,-72,-68.25,77.625,-0.120376531,-0.120376531,0.032286327,0.021673673,,,,,,,,,,,,,,
952,-66.5,-71.9375,70.125,-0.119379592,-0.119379592,0.020976122,0.022122143,,,,,,,,,,,,,,
953,-46.875,-73.25,68.75,-0.113002041,-0.113002041,0.007822469,0.021623878,,,,,,,,,,,,,,
954,-19.25,-72.25,69.375,-0.104731633,-0.104731633,-0.000448421,0.019481429,,,,,,,,,,,,,,
955,6.3125,-69.1875,70.625,-0.098403571,-0.098403571,-0.00368702,0.015694796,,,,,,,,,,,,,,
956,24,-64.375,70.375,-0.095065408,-0.095065408,-0.002341755,0.013054082,,,,,,,,,,,,,,
957,32.25,-58.1875,67,-0.093371327,-0.093371327,0.000199298,0.011808469,,,,,,,,,,,,,,
958,33,-51.25,62.3125,-0.090880102,-0.090880102,0.001494735,0.010562857,,,,,,,,,,,,,,
959,29.8125,-44.5,59.0625,-0.087093469,-0.087093469,0.002790184,0.011409796,,,,,,,,,,,,,,
960,26.0625,-36.5625,58.0625,-0.084054082,-0.084054082,0.004235092,0.013552245,,,,,,,,,,,,,,
961,22,-27.4375,57.375,-0.081562857,-0.081562857,0.006178255,0.015744592,,,,,,,,,,,,,,
962,18.1875,-17.4375,54.3125,-0.081014796,-0.081014796,0.010413367,0.017986735,,,,,,,,,,,,,,
963,13.0625,-7.3125,46.625,-0.081861837,-0.081861837,0.015545306,0.020228776,,,,,,,,,,,,,,
964,5.8125,2.125,35.1875,-0.082409898,-0.082409898,0.019630918,0.022371224,,,,,,,,,,,,,,
965,-0.25,10.1875,21.4375,-0.08066602,-0.08066602,0.020976122,0.025061735,,,,,,,,,,,,,,
966,-2.6875,19,6.375,-0.077676531,-0.077676531,0.022271633,0.029446327,,,,,,,,,,,,,,
967,0.0625,29.375,-10.875,-0.075882857,-0.075882857,0.023317959,0.031040714,,,,,,,,,,,,,,
968,5.6875,39.5625,-29.5625,-0.074736939,-0.074736939,0.023716531,0.032186735,,,,,,,,,,,,,,
969,12.5,50.25,-49.3125,-0.073590918,-0.073590918,0.02585898,0.034578265,,,,,,,,,,,,,,
970,18.75,62.125,-73.125,-0.076530612,-0.076530612,0.029795102,0.03522602,,,,,,,,,,,,,,
971,20.9375,74,-100,-0.081562857,-0.081562857,0.033382449,0.033930612,,,,,,,,,,,,,,
972,17.0625,83.5625,-127.25,-0.087292755,-0.087292755,0.034329184,0.033432347,,,,,,,,,,,,,,
973,12.3125,90.0625,-151.875,-0.093769898,-0.093769898,0.030941122,0.034727755,,,,,,,,,,,,,,
974,12.9375,96.625,-172.375,-0.102987755,-0.102987755,0.02570949,0.035873673,,,,,,,,,,,,,,
975,20.8125,100.062,-190.562,-0.120176531,-0.120176531,0.02102602,0.035624592,,,,,,,,,,,,,,
976,29.25,99.4375,-203.062,-0.14229898,-0.14229898,0.013502449,0.035823878,,,,,,,,,,,,,,
977,38.625,93.9375,-204.188,-0.16322551,-0.16322551,0.001145969,0.036471633,,,,,,,,,,,,,,
978,54.25,82.5,-188.812,-0.166763265,-0.166763265,-0.016591633,0.036521429,,,,,,,,,,,,,,
979,75.75,62.5,-156.562,-0.152164286,-0.152164286,-0.035873673,0.033681429,,,,,,,,,,,,,,
980,100.062,40.875,-120.75,-0.123216327,-0.123216327,-0.040407755,0.029795102,,,,,,,,,,,,,,
981,114.625,21.5625,-92.0625,-0.097656224,-0.097656224,-0.033930612,0.026108061,,,,,,,,,,,,,,
982,113.188,4.4375,-72.25,-0.082310306,-0.082310306,-0.022072347,0.019929796,,,,,,,,,,,,,,
983,96.4375,-8.5,-62.5,-0.076729898,-0.076729898,-0.011310204,0.015794388,,,,,,,,,,,,,,
984,79,-14.25,-60.4375,-0.081513061,-0.081513061,-0.003238602,0.01250602,,,,,,,,,,,,,,
985,65.125,-14.875,-60.8125,-0.090929898,-0.090929898,0.003537551,0.008769133,,,,,,,,,,,,,,
986,57.0625,-13.75,-58.3125,-0.099649184,-0.099649184,0.007274398,0.006228082,,,,,,,,,,,,,,
987,56.5,-11.4375,-49.3125,-0.101941122,-0.101941122,0.008320714,0.007822469,,,,,,,,,,,,,,
988,61.75,-8.5625,-33,-0.096809184,-0.096809184,0.005879306,0.011957959,,,,,,,,,,,,,,
989,75.8125,-5,-12.125,-0.090929898,-0.090929898,0.003487724,0.019331939,,,,,,,,,,,,,,
990,93.9375,-0.6875,7.0625,-0.085100408,-0.085100408,0.005430888,0.023517245,,,,,,,,,,,,,,
991,100.562,2.4375,20.625,-0.080068163,-0.080068163,0.012007755,0.028150918,,,,,,,,,,,,,,
992,86.0625,4.625,28.0625,-0.076181837,-0.076181837,0.01434949,0.031439286,,,,,,,,,,,,,,
993,54.75,7.125,33.8125,-0.073092755,-0.073092755,0.014648469,0.035026735,,,,,,,,,,,,,,
994,17.5625,10.4375,38.3125,-0.07229551,-0.07229551,0.011409796,0.037966327,,,,,,,,,,,,,,
995,-17,14.0625,42.75,-0.073192347,-0.073192347,0.00767299,0.037517959,,,,,,,,,,,,,,
996,-48.5,18,47.625,-0.076680102,-0.076680102,0.005530531,0.035724286,,,,,,,,,,,,,,
997,-77.375,21.625,53.625,-0.081961531,-0.081961531,0.004384571,0.032983878,,,,,,,,,,,,,,
998,-101.625,21.4375,61.375,-0.087043571,-0.087043571,0.003188776,0.028748776,,,,,,,,,,,,,,
999,-119.625,22.8125,72.0625,-0.087492041,-0.087492041,0.001743857,0.02570949,,,,,,,,,,,,,,
1000,-135.312,26.125,81.125,-0.08679449,-0.08679449,0.000896843,0.022520714,,,,,,,,,,,,,,
1001,-149.188,33.125,83.125,-0.088040102,-0.088040102,-0.002740357,0.01988,,,,,,,,,,,,,,
1002,-151.688,37.125,81.375,-0.086744694,-0.086744694,-0.007124918,0.019630918,,,,,,,,,,,,,,
1003,-139.938,40.25,75.5625,-0.086445714,-0.086445714,-0.009416857,0.01733898,,,,,,,,,,,,,,
1004,-124.625,45,67.375,-0.087193061,-0.087193061,-0.00767299,0.014847755,,,,,,,,,,,,,,
1005,-109.562,49.5625,61.5,-0.091826735,-0.091826735,-0.004783163,0.0095165,,,,,,,,,,,,,,
1006,-100.438,54.25,55.3125,-0.09915102,-0.09915102,-0.000298948,0.000498246,,,,,,,,,,,,,,
1007,-99.4375,56.25,50.3125,-0.102638776,-0.102638776,0.001145969,-0.007922112,,,,,,,,,,,,,,
1008,-103.5,55.8125,50.0625,-0.097606429,-0.097606429,-0.001544561,-0.010512959,,,,,,,,,,,,,,
1009,-100.312,60.5,46.4375,-0.094766429,-0.094766429,0.006825969,-0.015445612,,,,,,,,,,,,,,
1010,-101.688,63.4375,29.3125,-0.111956122,-0.111956122,0.009217551,-0.021474388,,,,,,,,,,,,,,
1011,-94.75,66.3125,16,-0.107571429,-0.107571429,0.013303163,-0.02301898,,,,,,,,,,,,,,
1012,-77.3125,61.5,12.9375,-0.097456939,-0.097456939,0.016491939,-0.032585306,,,,,,,,,,,,,,
1013,-77.0625,61.5625,-1.375,-0.095264694,-0.095264694,0.011459694,-0.041852653,,,,,,,,,,,,,,
1014,-78.5,57.1875,-2.5625,-0.084701837,-0.084701837,0.009416857,-0.044244286,,,,,,,,,,,,,,
1015,-81.375,54.125,-5.8125,-0.079719388,-0.079719388,0.005630184,-0.048628776,,,,,,,,,,,,,,
1016,-80.9375,56.875,-12,-0.080466735,-0.080466735,0.006626673,-0.050522143,,,,,,,,,,,,,,
1017,-73.5,61.875,-14.8125,-0.087292755,-0.087292755,0.012107347,-0.051618265,,,,,,,,,,,,,,