timestamp,orientation_x,orientation_y,orientation_z,orientation_w,AccX,AccY,AccZ,GyroX,GyroY,GyroZ,connected,arm_synched,device_direction,warmupState,synced,battery_level,rssi,bluetooth_strength,player_hand,swing_type,stroke_type
1523050583753,0.08148193359375,0.00787353515625,-0.3369140625,0.93792724609375,-0.06982421875,0.16748046875,1.01025390625,-6.4375,5.5,0.75,true,false,,,,-1,0,0,right_handed,topspin,forehand
1523050583768,0.08062744140625,0.0093994140625,-0.33660888671875,0.9381103515625,-0.08154296875,0.14794921875,1.00341796875,-7.75,5.875,1.625,true,false,,,,-1,0,0,right_handed,topspin,forehand
1523050583783,0.07977294921875,0.01092529296875,-0.33624267578125,0.93829345703125,-0.0859375,0.13818359375,0.998046875,-7.25,6.0625,1.375,true,false,,,,-1,0,0,right_handed,topspin,forehand
1523050583806,0.0792236328125,0.012451171875,-0.33587646484375,0.9384765625,-0.0859375,0.134765625,0.9921875,-5.625,6.75,1.75,true,false,,,,-1,0,0,right_handed,topspin,forehand
1523050583828,0.0787353515625,0.013916015625,-0.33544921875,0.93865966796875,-0.08251953125,0.1396484375,0.974609375,-5.875,6.75,2,true,false,,,,-1,0,0,right_handed,topspin,forehand
1523050583844,0.0777587890625,0.01556396484375,-0.3350830078125,0.9388427734375,-0.09765625,0.1357421875,0.9853515625,-8.625,5.9375,1.375,true,false,,,,-1,0,0,right_handed,topspin,forehand
1523050583867,0.07598876953125,0.01708984375,-0.33502197265625,0.93896484375,-0.09912109375,0.11767578125,0.98095703125,-11.625,3.75,0.125,true,false,,,,-1,0,0,right_handed,topspin,forehand
1523050583899,0.07379150390625,0.0184326171875,-0.33514404296875,0.9390869140625,-0.09765625,0.09130859375,0.98828125,-12.125,1.75,-1.0625,true,false,,,,-1,0,0,right_handed,topspin,forehand
1523050583906,0.072021484375,0.019287109375,-0.33538818359375,0.9390869140625,-0.09033203125,0.08984375,0.99267578125,-8.9375,0.875,-1.5,true,false,,,,-1,0,0,right_handed,topspin,forehand
1523050583928,0.07061767578125,0.0198974609375,-0.33538818359375,0.939208984375,-0.0869140625,0.09423828125,0.99853515625,-7.0625,0.4375,0,true,false,,,,-1,0,0,right_handed,topspin,forehand
1523050583950,0.0693359375,0.02044677734375,-0.33514404296875,0.93939208984375,-0.08984375,0.1005859375,0.9951171875,-6.9375,0.125,1.25,true,false,,,,-1,0,0,right_handed,topspin,forehand
1523050583973,0.06756591796875,0.02105712890625,-0.334716796875,0.93963623046875,-0.091796875,0.09326171875,1.00048828125,-9.5,-0.5625,2.5625,true,false,,,,-1,0,0,right_handed,topspin,forehand
1523050583996,0.06549072265625,0.02166748046875,-0.334228515625,0.93994140625,-0.08837890625,0.08203125,1.00537109375,-10.4375,-0.75,3,true,false,,,,-1,0,0,right_handed,topspin,forehand
1523050584017,0.0634765625,0.0220947265625,-0.3336181640625,0.9403076171875,-0.0810546875,0.07275390625,1.01171875,-9.5,-0.8125,3.5,true,false,,,,-1,0,0,right_handed,topspin,forehand
1523050584039,0.06170654296875,0.02264404296875,-0.3328857421875,0.940673828125,-0.08642578125,0.07470703125,1.0185546875,-8.8125,-0.25,4.375,true,false,,,,-1,0,0,right_handed,topspin,forehand
1523050584049,0.0596923828125,0.02325439453125,-0.33197021484375,0.94110107421875,-0.083984375,0.06640625,1.0107421875,-10.1875,-0.25,5.3125,true,false,,,,-1,0,0,right_handed,topspin,forehand
1523050584069,0.05767822265625,0.0240478515625,-0.330810546875,0.94158935546875,-0.0888671875,0.068359375,1.025390625,-10.75,0.5,7,true,false,,,,-1,0,0,right_handed,topspin,forehand
1523050584085,0.0555419921875,0.02490234375,-0.329345703125,0.94219970703125,-0.08251953125,0.06298828125,1.01513671875,-11.8125,1,8.5625,true,false,,,,-1,0,0,right_handed,topspin,forehand
1523050584109,0.05352783203125,0.02587890625,-0.32781982421875,0.94287109375,-0.0908203125,0.060546875,1.02001953125,-11.375,1.8125,9,true,false,,,,-1,0,0,right_handed,topspin,forehand
1523050584129,0.052001953125,0.02685546875,-0.32611083984375,0.9434814453125,-0.0927734375,0.0732421875,1.02490234375,-10,2.375,9.8125,true,false,,,,-1,0,0,right_handed,topspin,forehand
1523050584152,0.05059814453125,0.02783203125,-0.3243408203125,0.94415283203125,-0.10205078125,0.0673828125,1.02294921875,-9,2,10.625,true,false,,,,-1,0,0,right_handed,topspin,forehand
1523050584174,0.04986572265625,0.02862548828125,-0.32244873046875,0.94482421875,-0.1083984375,0.0732421875,1.02880859375,-5.6875,2,11.0625,true,false,,,,-1,0,0,right_handed,topspin,forehand
1523050584294,0.04931640625,0.02923583984375,-0.32061767578125,0.9454345703125,-0.10107421875,0.06201171875,1.0439453125,-3.5,1.8125,11.125,true,false,,,,-1,0,0,right_handed,topspin,forehand
1523050584341,0.04913330078125,0.02960205078125,-0.31903076171875,0.94598388671875,-0.09326171875,0.041015625,1.0439453125,0.625,2.125,9.5,true,false,,,,-1,0,0,right_handed,topspin,forehand
1523050584363,0.0499267578125,0.0296630859375,-0.3177490234375,0.94635009765625,-0.07861328125,0.04443359375,1.0361328125,6.3125,2.875,7.9375,true,false,,,,-1,0,0,right_handed,topspin,forehand
1523050584365,0.04949951171875,0.03021240234375,-0.315185546875,0.947265625,-0.0654296875,0.0751953125,1.00439453125,-10,1.6875,1.4375,true,false,,,,-1,0,0,right_handed,topspin,forehand
1523050584387,0.046630859375,0.03131103515625,-0.3145751953125,0.947509765625,-0.06982421875,0.06396484375,0.9990234375,-7.5625,1.3125,1.0625,true,false,,,,-1,0,0,right_handed,topspin,forehand
1523050584406,0.04559326171875,0.0316162109375,-0.31439208984375,0.9476318359375,-0.07421875,0.06103515625,1.00537109375,-5.9375,0.6875,0.8125,true,false,,,,-1,0,0,right_handed,topspin,forehand
1523050584416,0.04461669921875,0.03173828125,-0.31427001953125,0.94775390625,-0.07666015625,0.05615234375,1.00927734375,-4.6875,-0.0625,0.6875,true,false,,,,-1,0,0,right_handed,topspin,forehand
1523050584446,0.0440673828125,0.03173828125,-0.3140869140625,0.94781494140625,-0.07421875,0.064453125,1.01611328125,-3.0625,0.0625,0.9375,true,false,,,,-1,0,0,right_handed,topspin,forehand
1523050584460,0.04351806640625,0.0316162109375,-0.3138427734375,0.94793701171875,-0.0732421875,0.06591796875,1.02294921875,-3.125,-0.25,1.3125,true,false,,,,-1,0,0,right_handed,topspin,forehand
1523050584465,0.04296875,0.03167724609375,-0.31365966796875,0.947998046875,-0.07861328125,0.07763671875,1.0185546875,-4.1875,0,1.125,true,false,,,,-1,0,0,right_handed,topspin,forehand
1523050584489,0.04248046875,0.0318603515625,-0.31341552734375,0.9481201171875,-0.08740234375,0.0888671875,1.0185546875,-5.125,0.375,1.0625,true,false,,,,-1,0,0,right_handed,topspin,forehand
1523050584505,0.0418701171875,0.03216552734375,-0.31317138671875,0.94818115234375,-0.0849609375,0.09765625,1.01708984375,-6.5,0.875,1.1875,true,false,,,,-1,0,0,right_handed,topspin,forehand
1523050584527,0.04107666015625,0.03253173828125,-0.31292724609375,0.94830322265625,-0.0859375,0.08544921875,1.02734375,-6.9375,0.625,1.0625,true,false,,,,-1,0,0,right_handed,topspin,forehand
1523050584550,0.040283203125,0.0328369140625,-0.31280517578125,0.9483642578125,-0.08642578125,0.0634765625,1.0302734375,-5.4375,0.75,0.5,true,false,,,,-1,0,0,right_handed,topspin,forehand
1523050584573,0.03985595703125,0.03302001953125,-0.312744140625,0.94842529296875,-0.0810546875,0.06103515625,1.03955078125,-2.8125,0.9375,0.1875,true,false,,,,-1,0,0,right_handed,topspin,forehand
1523050584594,0.03985595703125,0.0330810546875,-0.31280517578125,0.9483642578125,-0.083984375,0.0751953125,1.04052734375,-1.3125,0.8125,-0.5625,true,false,,,,-1,0,0,right_handed,topspin,forehand
1523050584618,0.03955078125,0.03326416015625,-0.3128662109375,0.9483642578125,-0.0888671875,0.07177734375,1.029296875,-3.1875,0.5,-0.625,true,false,,,,-1,0,0,right_handed,topspin,forehand
1523050584626,0.0389404296875,0.0335693359375,-0.31298828125,0.9483642578125,-0.09521484375,0.0634765625,1.02978515625,-4.625,0.125,-1,true,false,,,,-1,0,0,right_handed,topspin,forehand
1523050584645,0.038330078125,0.03411865234375,-0.3131103515625,0.94830322265625,-0.109375,0.0615234375,1.033203125,-4.8125,0.75,-1.1875,true,false,,,,-1,0,0,right_handed,topspin,forehand
1523050584684,0.0377197265625,0.03472900390625,-0.31329345703125,0.9482421875,-0.1064453125,0.04833984375,1.03369140625,-4.0625,1.25,-1.125,true,false,,,,-1,0,0,right_handed,topspin,forehand
1523050584687,0.0374755859375,0.035400390625,-0.3133544921875,0.94818115234375,-0.1162109375,0.05712890625,1.02783203125,-3.25,1.375,-0.8125,true,false,,,,-1,0,0,right_handed,topspin,forehand
1523050584706,0.03704833984375,0.0362548828125,-0.3133544921875,0.94818115234375,-0.12451171875,0.05908203125,1.02197265625,-4.5,1.75,-0.25,true,false,,,,-1,0,0,right_handed,topspin,forehand
1523050584745,0.03619384765625,0.037353515625,-0.313232421875,0.9482421875,-0.13720703125,0.0546875,1.02099609375,-7.25,1.8125,0.25,true,false,,,,-1,0,0,right_handed,topspin,forehand
1523050584747,0.03515625,0.0386962890625,-0.31292724609375,0.94830322265625,-0.1416015625,0.0419921875,1.02392578125,-8.1875,2.3125,1.4375,true,false,,,,-1,0,0,right_handed,topspin,forehand
1523050584765,0.03436279296875,0.03997802734375,-0.312255859375,0.948486328125,-0.13916015625,0.04150390625,1.01318359375,-6.75,2.8125,3.625,true,false,,,,-1,0,0,right_handed,topspin,forehand
1523050584789,0.0340576171875,0.041259765625,-0.31121826171875,0.94879150390625,-0.15087890625,0.06298828125,1.00634765625,-5.9375,3.125,5.9375,true,false,,,,-1,0,0,right_handed,topspin,forehand
1523050584804,0.0335693359375,0.04266357421875,-0.30975341796875,0.94921875,-0.158203125,0.06884765625,1.0078125,-7.9375,3,8.1875,true,false,,,,-1,0,0,right_handed,topspin,forehand
1523050584828,0.03265380859375,0.04400634765625,-0.307861328125,0.9498291015625,-0.16015625,0.05517578125,1.0146484375,-9.375,2.1875,11.0625,true,false,,,,-1,0,0,right_handed,topspin,forehand
1523050584852,0.03179931640625,0.045166015625,-0.30548095703125,0.9505615234375,-0.150390625,0.04345703125,1.0087890625,-8.0625,1.75,13.625,true,false,,,,-1,0,0,right_handed,topspin,forehand
1523050584872,0.03155517578125,0.04595947265625,-0.30267333984375,0.951416015625,-0.1474609375,0.046875,1.00927734375,-4.6875,1.5625,16.5,true,false,,,,-1,0,0,right_handed,topspin,forehand
1523050584896,0.0318603515625,0.04656982421875,-0.29949951171875,0.952392578125,-0.15283203125,0.05517578125,1.00732421875,-1.875,1.1875,19,true,false,,,,-1,0,0,right_handed,topspin,forehand
1523050584917,0.0323486328125,0.04693603515625,-0.29608154296875,0.95343017578125,-0.146484375,0.0634765625,1.01708984375,-1.375,0.5625,20.1875,true,false,,,,-1,0,0,right_handed,topspin,forehand
1523050584940,0.0325927734375,0.0472412109375,-0.29248046875,0.95452880859375,-0.142578125,0.0693359375,1.0146484375,-2.5,0.4375,21.5625,true,false,,,,-1,0,0,right_handed,topspin,forehand
1523050584961,0.03277587890625,0.04779052734375,-0.28863525390625,0.9556884765625,-0.1513671875,0.06689453125,1.0087890625,-3.625,0.6875,22.5625,true,false,,,,-1,0,0,right_handed,topspin,forehand
1523050585062,0.03277587890625,0.04833984375,-0.28466796875,0.95684814453125,-0.150390625,0.07275390625,1.01123046875,-4.625,0.8125,23.375,true,false,,,,-1,0,0,right_handed,topspin,forehand
1523050585063,0.03253173828125,0.048828125,-0.2806396484375,0.9580078125,-0.1435546875,0.076171875,1.005859375,-6.5,0.625,23.6875,true,false,,,,-1,0,0,right_handed,topspin,forehand
1523050585085,0.03204345703125,0.04937744140625,-0.27655029296875,0.95916748046875,-0.1455078125,0.06298828125,1.0224609375,-6.875,0.5625,23.75,true,false,,,,-1,0,0,right_handed,topspin,forehand
1523050585104,0.03125,0.05157470703125,-0.25885009765625,0.9639892578125,-0.123046875,0.06494140625,1.005859375,-6.0625,4,26.75,true,false,,,,-1,0,0,right_handed,topspin,forehand
1523050585107,0.0308837890625,0.05242919921875,-0.25408935546875,0.96527099609375,-0.12109375,0.05126953125,1.01806640625,-6.4375,4.5,27.8125,true,false,,,,-1,0,0,right_handed,topspin,forehand
1523050585129,0.03070068359375,0.053466796875,-0.24884033203125,0.966552734375,-0.12841796875,0.06591796875,1.0166015625,-6.4375,5.4375,30.3125,true,false,,,,-1,0,0,right_handed,topspin,forehand
1523050585150,0.03033447265625,0.05474853515625,-0.24310302734375,0.96795654296875,-0.14208984375,0.0791015625,1.02587890625,-9.1875,5.9375,33.125,true,false,,,,-1,0,0,right_handed,topspin,forehand
1523050585171,0.02899169921875,0.05584716796875,-0.237060546875,0.96942138671875,-0.15087890625,0.068359375,1.03173828125,-13.8125,3.25,34.625,true,false,,,,-1,0,0,right_handed,topspin,forehand
1523050585196,0.02667236328125,0.05706787109375,-0.2308349609375,0.970947265625,-0.1669921875,0.04052734375,1.04833984375,-17.625,1.375,35.4375,true,false,,,,-1,0,0,right_handed,topspin,forehand
1523050585217,0.02398681640625,0.0582275390625,-0.2247314453125,0.97235107421875,-0.16015625,-0.0166015625,1.05712890625,-16.0625,1.375,35.1875,true,false,,,,-1,0,0,right_handed,topspin,forehand
1523050585240,0.0224609375,0.05908203125,-0.2188720703125,0.97369384765625,-0.142578125,-0.029296875,1.044921875,-8.6875,2.6875,34.3125,true,false,,,,-1,0,0,right_handed,topspin,forehand
1523050585263,0.02227783203125,0.05975341796875,-0.21307373046875,0.97491455078125,-0.12451171875,-0.0048828125,1.025390625,-2.375,4.1875,33.625,true,false,,,,-1,0,0,right_handed,topspin,forehand
1523050585268,0.0223388671875,0.06048583984375,-0.2073974609375,0.97613525390625,-0.12255859375,0.0234375,1.015625,-3.0625,4.875,33.1875,true,false,,,,-1,0,0,right_handed,topspin,forehand
1523050585316,0.02166748046875,0.0615234375,-0.2015380859375,0.977294921875,-0.1298828125,0.0380859375,1.009765625,-8.625,5.3125,33.5,true,false,,,,-1,0,0,right_handed,topspin,forehand
1523050585331,0.01983642578125,0.0628662109375,-0.19537353515625,0.97845458984375,-0.14306640625,0.025390625,1.01220703125,-14.8125,5.125,34.9375,true,false,,,,-1,0,0,right_handed,topspin,forehand
1523050585336,0.01727294921875,0.0643310546875,-0.1888427734375,0.979736328125,-0.14794921875,0.00244140625,1.01220703125,-18.125,4.75,37.0625,true,false,,,,-1,0,0,right_handed,topspin,forehand
1523050585352,0.0142822265625,0.0657958984375,-0.1820068359375,0.98095703125,-0.14892578125,-0.033203125,1.013671875,-18.3125,4.5,38.8125,true,false,,,,-1,0,0,right_handed,topspin,forehand
1523050585366,0.0118408203125,0.06707763671875,-0.17498779296875,0.982177734375,-0.14599609375,-0.04833984375,1.00341796875,-14.75,4.1875,40.0625,true,false,,,,-1,0,0,right_handed,topspin,forehand
1523050585388,0.0103759765625,0.0679931640625,-0.16796875,0.98333740234375,-0.1435546875,-0.04931640625,1.001953125,-8.6875,3.375,40.4375,true,false,,,,-1,0,0,right_handed,topspin,forehand
1523050585404,0.0098876953125,0.0687255859375,-0.16094970703125,0.9844970703125,-0.1494140625,-0.0439453125,1.01220703125,-3.3125,2.875,41,true,false,,,,-1,0,0,right_handed,topspin,forehand
1523050585427,0.00982666015625,0.069091796875,-0.15374755859375,0.985595703125,-0.13916015625,-0.0361328125,1.0048828125,-1.3125,2.3125,41.625,true,false,,,,-1,0,0,right_handed,topspin,forehand
1523050585449,0.010009765625,0.06951904296875,-0.146484375,0.9866943359375,-0.14501953125,-0.02294921875,1.0029296875,-0.75,2.1875,42.375,true,false,,,,-1,0,0,right_handed,topspin,forehand
1523050585471,0.0098876953125,0.06982421875,-0.13909912109375,0.98773193359375,-0.14013671875,-0.00830078125,0.99267578125,-3.625,1.9375,42.6875,true,false,,,,-1,0,0,right_handed,topspin,forehand
1523050585495,0.00885009765625,0.07000732421875,-0.13165283203125,0.98876953125,-0.13037109375,-0.02197265625,0.994140625,-7.4375,1,42.5625,true,false,,,,-1,0,0,right_handed,topspin,forehand
1523050585517,0.0078125,0.07025146484375,-0.12420654296875,0.98968505859375,-0.13134765625,-0.0146484375,0.98779296875,-8.4375,0.875,42.6875,true,false,,,,-1,0,0,right_handed,topspin,forehand
1523050585526,0.00665283203125,0.0703125,-0.11676025390625,0.9906005859375,-0.1328125,-0.0263671875,0.994140625,-8,0.3125,42.8125,true,false,,,,-1,0,0,right_handed,topspin,forehand
1523050585547,0.00579833984375,0.0701904296875,-0.1092529296875,0.991455078125,-0.12939453125,-0.033203125,1.001953125,-5.625,-0.5625,42.8125,true,false,,,,-1,0,0,right_handed,topspin,forehand
1523050585568,0.0054931640625,0.06988525390625,-0.10186767578125,0.9923095703125,-0.1220703125,-0.025390625,0.9970703125,-3.125,-0.5625,42.6875,true,false,,,,-1,0,0,right_handed,topspin,forehand
1523050585585,0.0054931640625,0.069580078125,-0.0946044921875,0.9930419921875,-0.12744140625,-0.0205078125,1.00537109375,-1.75,-0.9375,42,true,false,,,,-1,0,0,right_handed,topspin,forehand
1523050585608,0.00537109375,0.06915283203125,-0.0875244140625,0.99371337890625,-0.13134765625,-0.009765625,1.00439453125,-2.75,-2,40.5,true,false,,,,-1,0,0,right_handed,topspin,forehand
1523050585628,0.0048828125,0.06866455078125,-0.0806884765625,0.99432373046875,-0.1279296875,-0.00634765625,0.99462890625,-4.9375,-2.1875,39.25,true,false,,,,-1,0,0,right_handed,topspin,forehand
1523050585646,0.00396728515625,0.06829833984375,-0.07391357421875,0.994873046875,-0.12841796875,-0.0146484375,1.0068359375,-6.9375,-1.875,38.5625,true,false,,,,-1,0,0,right_handed,topspin,forehand
1523050585668,0.0029296875,0.06781005859375,-0.06732177734375,0.995361328125,-0.12939453125,-0.01416015625,0.998046875,-7.5625,-2.8125,37.375,true,false,,,,-1,0,0,right_handed,topspin,forehand
1523050585689,0.0018310546875,0.06719970703125,-0.06097412109375,0.995849609375,-0.13232421875,-0.01904296875,1.00732421875,-7.5625,-3.875,36.1875,true,false,,,,-1,0,0,right_handed,topspin,forehand
1523050585704,0.000732421875,0.06658935546875,-0.05462646484375,0.99627685546875,-0.13232421875,-0.0224609375,1.01513671875,-7.3125,-3.625,35.8125,true,false,,,,-1,0,0,right_handed,topspin,forehand
1523050585733,-0.00018310546875,0.06591796875,-0.0484619140625,0.99664306640625,-0.126953125,-0.02587890625,1.00244140625,-6.125,-3.9375,35.1875,true,false,,,,-1,0,0,right_handed,topspin,forehand
1523050585759,-0.00091552734375,0.06500244140625,-0.04241943359375,0.9969482421875,-0.11376953125,-0.02490234375,1.0068359375,-4.9375,-4.1875,34.625,true,false,,,,-1,0,0,right_handed,topspin,forehand
1523050585780,-0.00164794921875,0.06402587890625,-0.0364990234375,0.99725341796875,-0.11376953125,-0.033203125,1.01123046875,-4.4375,-4.75,33.625,true,false,,,,-1,0,0,right_handed,topspin,forehand
1523050585804,-0.0023193359375,0.06304931640625,-0.03082275390625,0.99749755859375,-0.11962890625,-0.03466796875,1.01806640625,-4.0625,-5.375,32.5,true,false,,,,-1,0,0,right_handed,topspin,forehand
1523050585816,-0.0029296875,0.06207275390625,-0.0252685546875,0.99774169921875,-0.1201171875,-0.02978515625,1.01953125,-3.8125,-5.25,31.8125,true,false,,,,-1,0,0,right_handed,topspin,forehand
1523050585825,-0.003662109375,0.06121826171875,-0.0196533203125,0.99786376953125,-0.123046875,-0.03564453125,1.0205078125,-4.4375,-4.8125,31.875,true,false,,,,-1,0,0,right_handed,topspin,forehand
1523050585846,-0.00457763671875,0.060546875,-0.01422119140625,0.998046875,-0.130859375,-0.037109375,1.0224609375,-5.3125,-4.625,31,true,false,,,,-1,0,0,right_handed,topspin,forehand
1523050585885,-0.00555419921875,0.05987548828125,-0.00885009765625,0.99810791015625,-0.1220703125,-0.03857421875,1.0283203125,-5.5,-4.125,30.4375,true,false,,,,-1,0,0,right_handed,topspin,forehand
1523050585887,-0.00665283203125,0.05938720703125,-0.0035400390625,0.9981689453125,-0.12255859375,-0.04345703125,1.03125,-6.1875,-2.9375,30.3125,true,false,,,,-1,0,0,right_handed,topspin,forehand
1523050585907,-0.00775146484375,0.05914306640625,0.00164794921875,0.9981689453125,-0.1298828125,-0.0478515625,1.0224609375,-5.9375,-2.125,29.5625,true,false,,,,-1,0,0,right_handed,topspin,forehand
1523050585928,-0.009033203125,0.05889892578125,0.00677490234375,0.9981689453125,-0.12255859375,-0.0498046875,1.02685546875,-6.875,-1.75,29,true,false,,,,-1,0,0,right_handed,topspin,forehand
1523050585946,-0.01055908203125,0.0587158203125,0.0118408203125,0.99810791015625,-0.12255859375,-0.06005859375,1.0322265625,-7.6875,-1.1875,28.75,true,false,,,,-1,0,0,right_handed,topspin,forehand
1523050585999,-0.01202392578125,0.05865478515625,0.016845703125,0.998046875,-0.12451171875,-0.0556640625,1.0263671875,-7.625,-0.9375,28.5625,true,false,,,,-1,0,0,right_handed,topspin,forehand
1523050586110,-0.0135498046875,0.05865478515625,0.02197265625,0.9979248046875,-0.13427734375,-0.05810546875,1.0185546875,-8.3125,-1,28.8125,true,false,,,,-1,0,0,right_handed,topspin,forehand
1523050586141,-0.01531982421875,0.058349609375,0.0269775390625,0.997802734375,-0.12255859375,-0.0732421875,1.02734375,-8.75,-1.9375,28.375,true,false,,,,-1,0,0,right_handed,topspin,forehand
1523050586146,-0.01885986328125,0.05645751953125,0.05194091796875,0.996826171875,-0.1083984375,-0.06982421875,1.02099609375,-2.6875,-2,28.75,true,false,,,,-1,0,0,right_handed,topspin,forehand
1523050586165,-0.01953125,0.0560302734375,0.05694580078125,0.99658203125,-0.10595703125,-0.07470703125,1.021484375,-2.6875,-2,28.625,true,false,,,,-1,0,0,right_handed,topspin,forehand
1523050586171,-0.02008056640625,0.0556640625,0.06182861328125,0.99627685546875,-0.11181640625,-0.0703125,1.03369140625,-2.25,-2,28.0625,true,false,,,,-1,0,0,right_handed,topspin,forehand
1523050586173,-0.0206298828125,0.055419921875,0.06683349609375,0.9959716796875,-0.11767578125,-0.06201171875,1.0341796875,-3.375,-1.5625,28.625,true,false,,,,-1,0,0,right_handed,topspin,forehand
1523050586187,-0.021484375,0.05511474609375,0.07183837890625,0.99560546875,-0.11083984375,-0.08154296875,1.02587890625,-3.3125,-1.6875,28.8125,true,false,,,,-1,0,0,right_handed,topspin,forehand
1523050586207,-0.02191162109375,0.05474853515625,0.07684326171875,0.9952392578125,-0.10693359375,-0.07666015625,1.02734375,-1.5625,-1.625,28.625,true,false,,,,-1,0,0,right_handed,topspin,forehand
1523050586268,-0.02203369140625,0.054443359375,0.08172607421875,0.994873046875,-0.10009765625,-0.06689453125,1.02880859375,-0.1875,-1.25,28.25,true,false,,,,-1,0,0,right_handed,topspin,forehand
1523050586283,-0.02197265625,0.053955078125,0.08660888671875,0.9945068359375,-0.08642578125,-0.06787109375,1.02685546875,0.6875,-1.25,28.4375,true,false,,,,-1,0,0,right_handed,topspin,forehand
1523050586290,-0.02178955078125,0.0535888671875,0.0916748046875,0.99407958984375,-0.078125,-0.06396484375,1.02587890625,1.125,-0.25,29.25,true,false,,,,-1,0,0,right_handed,topspin,forehand
1523050586292,-0.02166748046875,0.05340576171875,0.09674072265625,0.99359130859375,-0.08642578125,-0.0595703125,1.017578125,0.8125,0.5,29.5,true,false,,,,-1,0,0,right_handed,topspin,forehand
1523050586305,-0.02166748046875,0.05328369140625,0.10174560546875,0.99310302734375,-0.087890625,-0.0498046875,1.0205078125,-0.4375,0.625,28.625,true,false,,,,-1,0,0,right_handed,topspin,forehand
1523050586327,-0.0218505859375,0.05322265625,0.10662841796875,0.99261474609375,-0.0888671875,-0.0556640625,1.03173828125,-1.375,0.875,28.25,true,false,,,,-1,0,0,right_handed,topspin,forehand
1523050586350,-0.02197265625,0.0533447265625,0.1114501953125,0.9920654296875,-0.09375,-0.060546875,1.025390625,-0.125,2,28.125,true,false,,,,-1,0,0,right_handed,topspin,forehand
1523050586373,-0.0218505859375,0.0537109375,0.11627197265625,0.99151611328125,-0.10009765625,-0.05224609375,1.02783203125,0.75,2.5,27.875,true,false,,,,-1,0,0,right_handed,topspin,forehand
1523050586387,-0.02197265625,0.053955078125,0.12091064453125,0.99090576171875,-0.10693359375,-0.0546875,1.03369140625,-0.4375,1.875,26.8125,true,false,,,,-1,0,0,right_handed,topspin,forehand
1523050586410,-0.02239990234375,0.053955078125,0.12518310546875,0.9903564453125,-0.095703125,-0.056640625,1.03125,-2.1875,1.25,24.75,true,false,,,,-1,0,0,right_handed,topspin,forehand
1523050586431,-0.02294921875,0.0537109375,0.12921142578125,0.9898681640625,-0.07763671875,-0.04931640625,1.0400390625,-3.4375,1.25,23.5,true,false,,,,-1,0,0,right_handed,topspin,forehand
1523050586446,-0.0235595703125,0.0533447265625,0.13330078125,0.98931884765625,-0.06591796875,-0.03759765625,1.03564453125,-4.875,1.6875,23.25,true,false,,,,-1,0,0,right_handed,topspin,forehand
1523050586469,-0.0242919921875,0.05322265625,0.1375732421875,0.98870849609375,-0.06103515625,-0.0244140625,1.02734375,-6.5,3.375,24.5625,true,false,,,,-1,0,0,right_handed,topspin,forehand
1523050586484,-0.02520751953125,0.0535888671875,0.1422119140625,0.988037109375,-0.07275390625,-0.0029296875,1.00146484375,-8.5625,5.125,26.5,true,false,,,,-1,0,0,right_handed,topspin,forehand
1523050586508,-0.02630615234375,0.05419921875,0.147216796875,0.98724365234375,-0.09130859375,-0.00048828125,1.00927734375,-9.875,5.8125,28.3125,true,false,,,,-1,0,0,right_handed,topspin,forehand
1523050586530,-0.027587890625,0.054931640625,0.15234375,0.98638916015625,-0.10595703125,-0.01708984375,1.013671875,-10.1875,5.4375,29.4375,true,false,,,,-1,0,0,right_handed,topspin,forehand
1523050586546,-0.0286865234375,0.05572509765625,0.15777587890625,0.9854736328125,-0.1201171875,-0.02734375,1.013671875,-8,5,31.1875,true,false,,,,-1,0,0,right_handed,topspin,forehand
1523050586582,-0.02923583984375,0.05657958984375,0.1634521484375,0.98443603515625,-0.13232421875,-0.0322265625,1.00927734375,-5,4.125,32.625,true,false,,,,-1,0,0,right_handed,topspin,forehand
1523050586605,-0.029296875,0.057373046875,0.169189453125,0.98345947265625,-0.12109375,-0.02734375,1.00927734375,-2.5625,3.875,33.1875,true,false,,,,-1,0,0,right_handed,topspin,forehand
1523050586608,-0.0291748046875,0.057861328125,0.17486572265625,0.982421875,-0.109375,-0.02978515625,1.00390625,-1.625,3.25,33.0625,true,false,,,,-1,0,0,right_handed,topspin,forehand
1523050586629,-0.02838134765625,0.05828857421875,0.180419921875,0.98138427734375,-0.1083984375,-0.00830078125,1.00244140625,0.875,2.125,32.625,true,false,,,,-1,0,0,right_handed,topspin,forehand
1523050586648,-0.02740478515625,0.0587158203125,0.18597412109375,0.9803466796875,-0.1181640625,0.01953125,1.01220703125,0.4375,1.75,32.3125,true,false,,,,-1,0,0,right_handed,topspin,forehand
1523050586665,-0.027099609375,0.05914306640625,0.1917724609375,0.979248046875,-0.12158203125,0.02685546875,1.001953125,-4,1.75,33.0625,true,false,,,,-1,0,0,right_handed,topspin,forehand
1523050586687,-0.027587890625,0.05938720703125,0.19775390625,0.97802734375,-0.11669921875,0.029296875,0.9912109375,-9,2.25,34.375,true,false,,,,-1,0,0,right_handed,topspin,forehand
1523050586710,-0.02862548828125,0.0596923828125,0.20391845703125,0.9766845703125,-0.125,0.01123046875,0.99951171875,-11,2.5,35.375,true,false,,,,-1,0,0,right_handed,topspin,forehand
1523050586726,-0.0296630859375,0.05999755859375,0.21014404296875,0.975341796875,-0.13623046875,0,1.001953125,-9.9375,1.9375,35.5625,true,false,,,,-1,0,0,right_handed,topspin,forehand
1523050586748,-0.0301513671875,0.060546875,0.21630859375,0.97393798828125,-0.1484375,0.00390625,1.009765625,-7,1.8125,35.8125,true,false,,,,-1,0,0,right_handed,topspin,forehand
1523050586770,-0.0303955078125,0.06072998046875,0.222412109375,0.9725341796875,-0.14306640625,-0.0107421875,1.0087890625,-5.3125,0.25,35.375,true,false,,,,-1,0,0,right_handed,topspin,forehand
1523050586793,-0.03009033203125,0.06072998046875,0.22833251953125,0.97119140625,-0.1357421875,-0.0068359375,1.0146484375,-2.3125,-0.9375,34.5625,true,false,,,,-1,0,0,right_handed,topspin,forehand
1523050586809,-0.02947998046875,0.06072998046875,0.23419189453125,0.96978759765625,-0.13916015625,-0.001953125,1.01416015625,-0.5625,-1.6875,34.5625,true,false,,,,-1,0,0,right_handed,topspin,forehand
1523050586832,-0.0286865234375,0.0606689453125,0.2401123046875,0.9683837890625,-0.1357421875,0.00341796875,1.01220703125,-0.4375,-2.25,34.5625,true,false,,,,-1,0,0,right_handed,topspin,forehand
1523050586862,-0.0281982421875,0.06036376953125,0.24603271484375,0.9669189453125,-0.126953125,0.017578125,1.00537109375,-2.8125,-2.3125,34.4375,true,false,,,,-1,0,0,right_handed,topspin,forehand
1523050586868,-0.0281982421875,0.0599365234375,0.2518310546875,0.9654541015625,-0.12548828125,0.009765625,1.00634765625,-5.25,-2.375,33.875,true,false,,,,-1,0,0,right_handed,topspin,forehand
1523050586888,-0.028564453125,0.05950927734375,0.257568359375,0.9639892578125,-0.1298828125,-0.01123046875,1.0107421875,-6.0625,-2.3125,33.75,true,false,,,,-1,0,0,right_handed,topspin,forehand
1523050586904,-0.02874755859375,0.05902099609375,0.263427734375,0.96240234375,-0.119140625,-0.0107421875,1.00439453125,-4.9375,-2,34.25,true,false,,,,-1,0,0,right_handed,topspin,forehand
1523050586928,-0.02874755859375,0.05865478515625,0.26934814453125,0.96075439453125,-0.1201171875,-0.01171875,1.00830078125,-3.875,-1.6875,34.9375,true,false,,,,-1,0,0,right_handed,topspin,forehand
1523050586950,-0.02874755859375,0.058349609375,0.2752685546875,0.9591064453125,-0.126953125,-0.0078125,1.00341796875,-3.625,-1.8125,35.125,true,false,,,,-1,0,0,right_handed,topspin,forehand
1523050586965,-0.0286865234375,0.05804443359375,0.28131103515625,0.9573974609375,-0.12744140625,-0.01220703125,1.01171875,-3.25,-2.125,35.4375,true,false,,,,-1,0,0,right_handed,topspin,forehand
1523050586987,-0.02874755859375,0.0576171875,0.287353515625,0.95562744140625,-0.1240234375,-0.0205078125,1.00830078125,-3.8125,-2.25,35.875,true,false,,,,-1,0,0,right_handed,topspin,forehand
1523050587008,-0.02880859375,0.057373046875,0.29339599609375,0.95379638671875,-0.1396484375,-0.013671875,1.013671875,-3.4375,-2.4375,35.9375,true,false,,,,-1,0,0,right_handed,topspin,forehand
1523050587040,-0.0289306640625,0.056884765625,0.29937744140625,0.95196533203125,-0.13232421875,-0.0205078125,1.0185546875,-3.875,-3.0625,35.625,true,false,,,,-1,0,0,right_handed,topspin,forehand
1523050587063,-0.029052734375,0.056396484375,0.30523681640625,0.95013427734375,-0.123046875,-0.01611328125,1.0146484375,-4.125,-2.5625,35.0625,true,false,,,,-1,0,0,right_handed,topspin,forehand
1523050587122,-0.0291748046875,0.05609130859375,0.3111572265625,0.94818115234375,-0.126953125,-0.0087890625,1.02001953125,-4.4375,-1.875,35.4375,true,false,,,,-1,0,0,right_handed,topspin,forehand
1523050587169,-0.0294189453125,0.05572509765625,0.317138671875,0.94622802734375,-0.1318359375,-0.0048828125,1.01708984375,-5.3125,-2.0625,35.625,true,false,,,,-1,0,0,right_handed,topspin,forehand
1523050587251,-0.0299072265625,0.05523681640625,0.3231201171875,0.9442138671875,-0.12744140625,-0.0068359375,1.01708984375,-6.875,-2.1875,35.6875,true,false,,,,-1,0,0,right_handed,topspin,forehand
1523050587252,-0.030517578125,0.0546875,0.32916259765625,0.942138671875,-0.12158203125,-0.01708984375,1.0234375,-7.125,-1.875,35.9375,true,false,,,,-1,0,0,right_handed,topspin,forehand
1523050587273,-0.03125,0.05328369140625,0.34722900390625,0.93572998046875,-0.11865234375,-0.01220703125,1.02099609375,-5.0625,-2.3125,36.5,true,false,,,,-1,0,0,right_handed,topspin,forehand
1523050587296,-0.03271484375,0.051025390625,0.37255859375,0.92596435546875,-0.11669921875,-0.00244140625,1.0126953125,-6.9375,-2.75,39.6875,true,false,,,,-1,0,0,right_handed,topspin,forehand
1523050587297,-0.0330810546875,0.05035400390625,0.37921142578125,0.92327880859375,-0.11962890625,0.00048828125,1.009765625,-7.5625,-3.3125,40.625,true,false,,,,-1,0,0,right_handed,topspin,forehand
1523050587319,-0.033447265625,0.0494384765625,0.38604736328125,0.9205322265625,-0.1171875,-0.0107421875,1.02734375,-7.5625,-4.25,41.5,true,false,,,,-1,0,0,right_handed,topspin,forehand
1523050587341,-0.03363037109375,0.04852294921875,0.39288330078125,0.91766357421875,-0.119140625,-0.0107421875,1.02880859375,-6.375,-5.0625,42.1875,true,false,,,,-1,0,0,right_handed,topspin,forehand
1523050587347,-0.033447265625,0.04779052734375,0.39984130859375,0.9146728515625,-0.1298828125,-0.00048828125,1.02490234375,-5,-5.4375,42.875,true,false,,,,-1,0,0,right_handed,topspin,forehand
1523050587369,-0.033203125,0.0472412109375,0.4068603515625,0.91162109375,-0.13134765625,0.00537109375,1.02734375,-4.5625,-5.25,43.4375,true,false,,,,-1,0,0,right_handed,topspin,forehand
1523050587384,-0.03302001953125,0.0467529296875,0.4139404296875,0.908447265625,-0.1298828125,0.009765625,1.03271484375,-4.8125,-4.5,43.9375,true,false,,,,-1,0,0,right_handed,topspin,forehand
1523050587408,-0.03289794921875,0.04620361328125,0.42095947265625,0.9052734375,-0.1298828125,-0.00439453125,1.03369140625,-4.4375,-4.4375,44,true,false,,,,-1,0,0,right_handed,topspin,forehand
1523050587431,-0.03271484375,0.04559326171875,0.42791748046875,0.90203857421875,-0.11279296875,-0.00146484375,1.03173828125,-4.3125,-3.9375,43.5625,true,false,,,,18,0,0,right_handed,topspin,forehand
1523050587453,-0.03253173828125,0.045166015625,0.43487548828125,0.89874267578125,-0.11572265625,0.0048828125,1.03662109375,-4.375,-3.1875,43.875,true,false,,,,18,0,0,right_handed,topspin,forehand
1523050587467,-0.03277587890625,0.04449462890625,0.44189453125,0.89532470703125,-0.10791015625,-0.0009765625,1.03515625,-6.75,-3.125,44.125,true,false,,,,18,0,0,right_handed,topspin,forehand
1523050587505,-0.03326416015625,0.0435791015625,0.4488525390625,0.891845703125,-0.10205078125,-0.0126953125,1.03466796875,-7.8125,-3.0625,44.3125,true,false,,,,18,0,0,right_handed,topspin,forehand
1523050587507,-0.0338134765625,0.0428466796875,0.4560546875,0.88824462890625,-0.10107421875,-0.013671875,1.03759765625,-7.8125,-2.3125,45.5,true,false,,,,18,0,0,right_handed,topspin,forehand
1523050587551,-0.0343017578125,0.04229736328125,0.46337890625,0.8843994140625,-0.107421875,-0.01806640625,1.037109375,-6.8125,-1.5625,47.25,true,false,,,,18,0,0,right_handed,topspin,forehand
1523050587556,-0.03460693359375,0.04205322265625,0.4710693359375,0.88037109375,-0.10546875,-0.0087890625,1.03369140625,-6.0625,-0.5625,49.5,true,false,,,,18,0,0,right_handed,topspin,forehand
1523050587573,-0.0352783203125,0.04193115234375,0.47906494140625,0.87603759765625,-0.111328125,-0.009765625,1.0263671875,-7.1875,0.375,51.5625,true,false,,,,18,0,0,right_handed,topspin,forehand
1523050587595,-0.0361328125,0.041748046875,0.4873046875,0.8714599609375,-0.11279296875,-0.01611328125,1.0322265625,-8.4375,0.875,53.5625,true,false,,,,18,0,0,right_handed,topspin,forehand
1523050587616,-0.0369873046875,0.04168701171875,0.49578857421875,0.86663818359375,-0.111328125,-0.0205078125,1.02587890625,-7.8125,1.5,55.5625,true,false,,,,18,0,0,right_handed,topspin,forehand
1523050587625,-0.03778076171875,0.041748046875,0.50445556640625,0.861572265625,-0.11083984375,-0.01708984375,1.025390625,-7.4375,2.125,57.3125,true,false,,,,18,0,0,right_handed,topspin,forehand
1523050587648,-0.03857421875,0.0418701171875,0.5133056640625,0.85626220703125,-0.11083984375,-0.013671875,1.01611328125,-7.5,2.4375,58.75,true,false,,,,18,0,0,right_handed,topspin,forehand
1523050587669,-0.0394287109375,0.0419921875,0.52227783203125,0.85076904296875,-0.109375,-0.00927734375,1.015625,-8.125,2.5625,59.8125,true,false,,,,18,0,0,right_handed,topspin,forehand
1523050587695,-0.0401611328125,0.04205322265625,0.53125,0.84515380859375,-0.10498046875,-0.00244140625,1.0107421875,-8.3125,2.5625,60.25,true,false,,,,18,0,0,right_handed,topspin,forehand
1523050587708,-0.04083251953125,0.0421142578125,0.54034423828125,0.83935546875,-0.1064453125,-0.00048828125,1.00537109375,-8.1875,2.375,61.125,true,false,,,,18,0,0,right_handed,topspin,forehand
1523050587828,-0.04132080078125,0.042236328125,0.54937744140625,0.83343505859375,-0.10693359375,0.00634765625,0.99853515625,-7.6875,1.9375,61.5625,true,false,,,,18,0,0,right_handed,topspin,forehand
1523050587830,-0.041748046875,0.042236328125,0.5584716796875,0.82733154296875,-0.107421875,0.0078125,0.99951171875,-7.75,1.375,62,true,false,,,,18,0,0,right_handed,topspin,forehand
1523050587834,-0.04217529296875,0.0421142578125,0.5675048828125,0.8211669921875,-0.10791015625,0.00830078125,0.99951171875,-8.375,0.75,62.3125,true,false,,,,18,0,0,right_handed,topspin,forehand
1523050587857,-0.0433349609375,0.0411376953125,0.60321044921875,0.7952880859375,-0.20361328125,0.02490234375,0.95068359375,-5.0625,-3,61.6875,true,false,,,,18,0,0,right_handed,topspin,forehand
1523050587872,-0.043701171875,0.0430908203125,0.61163330078125,0.7886962890625,-0.24169921875,0.0771484375,0.93359375,-4.6875,0.5625,60.375,true,false,,,,18,0,0,right_handed,topspin,forehand
1523050587896,-0.04254150390625,0.0426025390625,0.6202392578125,0.78204345703125,-0.06884765625,0.0703125,0.8896484375,-6,-4.0625,61.875,true,false,,,,18,0,0,right_handed,topspin,forehand
1523050587917,-0.04339599609375,0.03961181640625,0.62890625,0.77520751953125,0.0048828125,-0.076171875,1.1748046875,-14.6875,-0.75,62.75,true,false,,,,18,0,0,right_handed,topspin,forehand
1523050587940,-0.0443115234375,0.04119873046875,0.63714599609375,0.768310546875,-0.26025390625,0.103515625,0.84375,-10.0625,-1.5,60.375,true,false,,,,18,0,0,right_handed,topspin,forehand
1523050587948,-0.04644775390625,0.0382080078125,0.64556884765625,0.76129150390625,-0.0947265625,-0.12353515625,1.22802734375,-17.1875,-2.125,62.5625,true,false,,,,18,0,0,right_handed,topspin,forehand
1523050587969,-0.0469970703125,0.03759765625,0.65374755859375,0.75421142578125,-0.1240234375,0.005859375,1.05126953125,-10.5625,-1.0625,61.25,true,false,,,,18,0,0,right_handed,topspin,forehand
1523050588008,-0.0465087890625,0.03668212890625,0.661865234375,0.74725341796875,-0.1123046875,-0.02294921875,1.0419921875,-4.875,-6.0625,60.9375,true,false,,,,18,0,0,right_handed,topspin,forehand
1523050588030,-0.04541015625,0.03607177734375,0.66986083984375,0.74017333984375,-0.10400390625,-0.00341796875,1.03759765625,-2.3125,-6.3125,61.0625,true,false,,,,18,0,0,right_handed,topspin,forehand
1523050588032,-0.0439453125,0.0355224609375,0.67779541015625,0.7330322265625,-0.0869140625,0.00927734375,1.029296875,-1.375,-6.5,61.0625,true,false,,,,18,0,0,right_handed,topspin,forehand
1523050588112,-0.0426025390625,0.034912109375,0.68560791015625,0.725830078125,-0.08642578125,0.00390625,1.015625,-1.5,-6.5,60.9375,true,false,,,,18,0,0,right_handed,topspin,forehand
1523050588218,-0.04156494140625,0.03460693359375,0.693359375,0.718505859375,-0.095703125,0.00927734375,1.01171875,-1.8125,-5,60.875,true,false,,,,18,0,0,right_handed,topspin,forehand
1523050588236,-0.03369140625,0.0283203125,0.7513427734375,0.65838623046875,-0.0810546875,0.00732421875,1.013671875,-3.0625,-7.4375,59.4375,true,false,,,,18,0,0,right_handed,topspin,forehand
1523050588249,-0.03289794921875,0.0269775390625,0.75823974609375,0.6505126953125,-0.0693359375,-0.0107421875,1.0126953125,-4.8125,-7.4375,60.0625,true,false,,,,18,0,0,right_handed,topspin,forehand
1523050588269,-0.03216552734375,0.02581787109375,0.76513671875,0.64251708984375,-0.076171875,-0.02197265625,1.02099609375,-3.6875,-7,60.375,true,false,,,,18,0,0,right_handed,topspin,forehand
1523050588285,-0.03131103515625,0.02508544921875,0.77191162109375,0.63433837890625,-0.08056640625,-0.0107421875,1.01904296875,-1.9375,-6.4375,60.8125,true,false,,,,18,0,0,right_handed,topspin,forehand
1523050588307,-0.030517578125,0.02435302734375,0.7786865234375,0.62615966796875,-0.076171875,-0.01025390625,1.0126953125,-2.0625,-6.0625,60.75,true,false,,,,18,0,0,right_handed,topspin,forehand
1523050588354,-0.02972412109375,0.02374267578125,0.7852783203125,0.61785888671875,-0.06982421875,-0.00146484375,1.00732421875,-2.25,-5.25,60.75,true,false,,,,18,0,0,right_handed,topspin,forehand
1523050588355,-0.02911376953125,0.02301025390625,0.79180908203125,0.60955810546875,-0.06689453125,-0.009765625,1.00830078125,-2.5625,-4.8125,60.5,true,false,,,,18,0,0,right_handed,topspin,forehand
1523050588382,-0.0284423828125,0.0223388671875,0.7982177734375,0.60125732421875,-0.0673828125,-0.0087890625,1.0146484375,-2.25,-4.8125,60,true,false,,,,18,0,0,right_handed,topspin,forehand
1523050588398,-0.02783203125,0.0216064453125,0.80450439453125,0.5928955078125,-0.0654296875,-0.00537109375,1.01904296875,-2.9375,-4.875,59.9375,true,false,,,,18,0,0,right_handed,topspin,forehand
1523050588480,-0.02728271484375,0.02081298828125,0.81060791015625,0.58453369140625,-0.06494140625,-0.00146484375,1.02587890625,-3.9375,-4.8125,59.3125,true,false,,,,18,0,0,right_handed,topspin,forehand
1523050588496,-0.02703857421875,0.02032470703125,0.81658935546875,0.576171875,-0.1162109375,-0.00537109375,1.01123046875,-2.9375,-6.125,58.5625,true,false,,,,18,0,0,right_handed,topspin,forehand
1523050588497,-0.02618408203125,0.01715087890625,0.83392333984375,0.5509033203125,-0.06103515625,0.00244140625,1.01318359375,-3.625,-3.625,57.3125,true,false,,,,18,0,0,right_handed,topspin,forehand
1523050588517,-0.0260009765625,0.0167236328125,0.83935546875,0.54266357421875,-0.0751953125,0.00390625,1.02001953125,-3.5,-3.1875,56.5625,true,false,,,,18,0,0,right_handed,topspin,forehand
1523050588524,-0.02593994140625,0.01593017578125,0.84454345703125,0.53448486328125,-0.076171875,0.00146484375,1.02197265625,-5.625,-3.5625,55.25,true,false,,,,18,0,0,right_handed,topspin,forehand
1523050588547,-0.02618408203125,0.0150146484375,0.849609375,0.52642822265625,-0.08154296875,0.00048828125,1.01953125,-7,-3.4375,54.25,true,false,,,,18,0,0,right_handed,topspin,forehand
1523050588570,-0.02655029296875,0.01373291015625,0.8543701171875,0.5186767578125,-0.087890625,-0.0185546875,1.02001953125,-7.9375,-3.75,51.9375,true,false,,,,18,0,0,right_handed,topspin,forehand
1523050588592,-0.0267333984375,0.0125732421875,0.85888671875,0.51129150390625,-0.08203125,-0.01611328125,1.029296875,-7,-4.1875,49.5,true,false,,,,18,0,0,right_handed,topspin,forehand
1523050588609,-0.02691650390625,0.01141357421875,0.8631591796875,0.5040283203125,-0.0732421875,-0.01806640625,1.025390625,-6.9375,-3.9375,48.125,true,false,,,,18,0,0,right_handed,topspin,forehand
1523050588638,-0.0269775390625,0.0101318359375,0.8673095703125,0.49688720703125,-0.0703125,-0.0126953125,1.0302734375,-7.8125,-4.3125,47.125,true,false,,,,18,0,0,right_handed,topspin,forehand
1523050588669,-0.0272216796875,0.00836181640625,0.871337890625,0.48980712890625,-0.08056640625,-0.03271484375,1.04248046875,-9.4375,-5.4375,46.375,true,false,,,,18,0,0,right_handed,topspin,forehand
1523050588691,-0.02764892578125,0.0062255859375,0.875244140625,0.4827880859375,-0.08154296875,-0.0517578125,1.05029296875,-10.8125,-6.0625,45.4375,true,false,,,,18,0,0,right_handed,topspin,forehand
1523050588693,-0.0279541015625,0.0040283203125,0.8790283203125,0.475830078125,-0.07568359375,-0.06591796875,1.05029296875,-9.8125,-6.125,45.25,true,false,,,,18,0,0,right_handed,topspin,forehand
1523050588714,-0.028076171875,0.002197265625,0.88275146484375,0.46893310546875,-0.064453125,-0.07275390625,1.05078125,-7.1875,-5.625,44.9375,true,false,,,,18,0,0,right_handed,topspin,forehand
1523050588736,-0.0281982421875,0.00091552734375,0.88641357421875,0.46197509765625,-0.068359375,-0.06103515625,1.05126953125,-5.5,-4.4375,44.875,true,false,,,,18,0,0,right_handed,topspin,forehand
1523050588757,-0.0284423828125,-0.00018310546875,0.89007568359375,0.45477294921875,-0.0693359375,-0.052734375,1.05419921875,-5.6875,-3.3125,45.9375,true,false,,,,18,0,0,right_handed,topspin,forehand
1523050588781,-0.02886962890625,-0.00128173828125,0.893798828125,0.44744873046875,-0.064453125,-0.0458984375,1.04833984375,-6.9375,-2.125,47.125,true,false,,,,18,0,0,right_handed,topspin,forehand
1523050588989,-0.02978515625,-0.0025634765625,0.89752197265625,0.43988037109375,-0.0712890625,-0.05078125,1.0458984375,-8.75,-0.5625,48.125,true,false,,,,18,0,0,right_handed,topspin,forehand
1523050589007,-0.03094482421875,-0.00396728515625,0.90118408203125,0.43212890625,-0.064453125,-0.0634765625,1.04248046875,-9.625,1.1875,48.6875,true,false,,,,18,0,0,right_handed,topspin,forehand
1523050589028,-0.037109375,-0.00982666015625,0.9332275390625,0.357177734375,0.13818359375,-0.0234375,0.99365234375,-4.0625,-3.25,43.8125,true,false,,,,18,0,0,right_handed,topspin,forehand
1523050589052,-0.041259765625,-0.00897216796875,0.935546875,0.35052490234375,-0.33154296875,-0.05224609375,0.9423828125,-4.375,4.4375,40.0625,true,false,,,,18,0,0,right_handed,topspin,forehand
1523050589053,-0.04052734375,-0.01165771484375,0.93817138671875,0.34344482421875,0.0732421875,-0.14501953125,1.20703125,-8.625,0.75,43.375,true,false,,,,18,0,0,right_handed,topspin,forehand
1523050589074,-0.03717041015625,-0.01220703125,0.94091796875,0.3363037109375,0.2177734375,0.052734375,0.95947265625,-4.875,-1,43.75,true,false,,,,18,0,0,right_handed,topspin,forehand
1523050589388,-0.03802490234375,-0.01104736328125,0.94329833984375,0.32940673828125,-0.08251953125,0.0966796875,0.7744140625,-6,3.625,41.6875,true,false,,,,18,0,0,right_handed,topspin,forehand
1523050589391,-0.04058837890625,-0.0123291015625,0.94561767578125,0.3223876953125,-0.1083984375,-0.046875,1.064453125,-13.6875,7.875,41.75,true,false,,,,18,0,0,right_handed,topspin,forehand
1523050589413,-0.0345458984375,-0.0201416015625,0.97076416015625,0.23651123046875,-0.05126953125,-0.0087890625,1.04443359375,-5.0625,-7.875,32.625,true,false,,,,18,0,0,right_handed,topspin,forehand
1523050589425,-0.03228759765625,-0.0181884765625,0.9735107421875,0.225341796875,-0.04833984375,0.01171875,1.048828125,3.75,-4.5,32.6875,true,false,,,,18,0,0,right_handed,topspin,forehand
1523050589434,-0.03155517578125,-0.01678466796875,0.974853515625,0.2198486328125,-0.04833984375,0.02099609375,1.04931640625,2.9375,-2.625,32.1875,true,false,,,,18,0,0,right_handed,topspin,forehand
1523050589502,-0.03125,-0.016357421875,0.97607421875,0.21441650390625,-0.0517578125,0.00634765625,1.05322265625,-1.9375,-1.3125,31.6875,true,false,,,,18,0,0,right_handed,topspin,forehand
1523050589546,-0.0313720703125,-0.0167236328125,0.97723388671875,0.208984375,-0.0537109375,-0.0166015625,1.0537109375,-5.5,-0.5,31.625,true,false,,,,18,0,0,right_handed,topspin,forehand
1523050589606,-0.03167724609375,-0.017333984375,0.9794921875,0.19818115234375,-0.052734375,-0.0390625,1.03857421875,-2.75,0.25,31.4375,true,false,,,,18,0,0,right_handed,topspin,forehand
1523050589607,-0.0318603515625,-0.01708984375,0.98052978515625,0.19287109375,-0.048828125,-0.03759765625,1.02978515625,-0.1875,0.875,31.0625,true,false,,,,18,0,0,right_handed,topspin,forehand
1523050589651,-0.032470703125,-0.015869140625,0.98529052734375,0.166748046875,-0.0615234375,-0.02734375,0.9931640625,-3.25,0.1875,30.125,true,false,,,,18,0,0,right_handed,topspin,forehand
1523050589653,-0.03277587890625,-0.01611328125,0.98614501953125,0.16162109375,-0.07275390625,-0.0322265625,1.00439453125,-3.25,0.1875,29.5625,true,false,,,,18,0,0,right_handed,topspin,forehand
1523050589696,-0.03314208984375,-0.01629638671875,0.9869384765625,0.1566162109375,-0.07861328125,-0.03759765625,1.0078125,-2.625,-0.25,29,true,false,,,,18,0,0,right_handed,topspin,forehand
1523050589698,-0.033203125,-0.016357421875,0.98773193359375,0.151611328125,-0.06689453125,-0.03369140625,1.00341796875,-1.75,-0.75,28.9375,true,false,,,,18,0,0,right_handed,topspin,forehand
1523050589719,-0.0333251953125,-0.0162353515625,0.98846435546875,0.14654541015625,-0.0732421875,-0.0322265625,1.02001953125,-1.375,-0.4375,29.25,true,false,,,,18,0,0,right_handed,topspin,forehand
1523050589741,-0.033447265625,-0.01629638671875,0.98919677734375,0.1414794921875,-0.06884765625,-0.0322265625,1.01611328125,-2.125,-0.5,29.3125,true,false,,,,18,0,0,right_handed,topspin,forehand
1523050589746,-0.03350830078125,-0.0164794921875,0.98992919921875,0.13629150390625,-0.0654296875,-0.03173828125,1.01416015625,-2.625,-0.5,29.6875,true,false,,,,18,0,0,right_handed,topspin,forehand
1523050589770,-0.03369140625,-0.01666259765625,0.9906005859375,0.13104248046875,-0.07177734375,-0.029296875,1.02099609375,-3.1875,-0.3125,30.1875,true,false,,,,18,0,0,right_handed,topspin,forehand
1523050589792,-0.03387451171875,-0.01715087890625,0.9913330078125,0.12567138671875,-0.0693359375,-0.041015625,1.03271484375,-4.0625,-0.5625,30.875,true,false,,,,18,0,0,right_handed,topspin,forehand
1523050589808,-0.03399658203125,-0.017578125,0.99200439453125,0.1201171875,-0.07763671875,-0.0361328125,1.029296875,-4.3125,-1,32,true,false,,,,18,0,0,right_handed,topspin,forehand
1523050589838,-0.03436279296875,-0.01800537109375,0.99267578125,0.11431884765625,-0.08984375,-0.03515625,1.02978515625,-4.3125,-0.8125,33.25,true,false,,,,18,0,0,right_handed,topspin,forehand
1523050589859,-0.0345458984375,-0.01861572265625,0.9932861328125,0.10833740234375,-0.07861328125,-0.04296875,1.03466796875,-5.25,-1,34.25,true,false,,,,18,0,0,right_handed,topspin,forehand
1523050589882,-0.03472900390625,-0.01904296875,0.99395751953125,0.10211181640625,-0.07763671875,-0.03662109375,1.02978515625,-4.1875,-0.6875,35.5625,true,false,,,,18,0,0,right_handed,topspin,forehand
1523050589957,-0.03497314453125,-0.019287109375,0.99456787109375,0.0955810546875,-0.0751953125,-0.03271484375,1.02587890625,-4,0.0625,37.3125,true,false,,,,18,0,0,right_handed,topspin,forehand
1523050590057,-0.03521728515625,-0.0196533203125,0.99517822265625,0.08892822265625,-0.06787109375,-0.04052734375,1.0244140625,-3.875,0.3125,38.3125,true,false,,,,18,0,0,right_handed,topspin,forehand
1523050590078,-0.03558349609375,-0.0205078125,0.996337890625,0.07489013671875,-0.07861328125,-0.03076171875,1.01806640625,-6.125,-1,40.625,true,false,,,,18,0,0,right_handed,topspin,forehand
1523050590080,-0.03564453125,-0.0213623046875,0.996826171875,0.067626953125,-0.07421875,-0.03662109375,1.02099609375,-7,-1.5,41.375,true,false,,,,18,0,0,right_handed,topspin,forehand
1523050590085,-0.0338134765625,-0.0211181640625,0.99871826171875,0.029541015625,-0.12158203125,-0.04296875,0.970703125,1.125,-7.75,44.1875,true,false,,,,18,0,0,right_handed,topspin,forehand
1523050590099,-0.0350341796875,-0.02001953125,0.9989013671875,0.02203369140625,-0.1875,0.0107421875,1.03076171875,0.875,-2.125,42.75,true,false,,,,18,0,0,right_handed,topspin,forehand
1523050590108,-0.036865234375,-0.01873779296875,0.9990234375,0.01458740234375,-0.24560546875,0.025390625,0.99462890625,1.0625,-2.25,42.5,true,false,,,,18,0,0,right_handed,topspin,forehand
1523050590129,-0.03619384765625,-0.01708984375,0.9991455078125,0.0067138671875,-0.109375,0.0478515625,0.892578125,2.25,-7.9375,44.875,true,false,,,,18,0,0,right_handed,topspin,forehand
1523050590145,-0.03375244140625,-0.01873779296875,0.99920654296875,-0.0015869140625,0.05419921875,-0.1279296875,1.189453125,-5.375,-5.125,47.5625,true,false,,,,18,0,0,right_handed,topspin,forehand
1523050590170,-0.0350341796875,-0.01727294921875,0.9991455078125,-0.00970458984375,-0.2177734375,0.06201171875,0.85205078125,0.75,-4.625,45.9375,true,false,,,,18,0,0,right_handed,topspin,forehand
1523050590197,-0.034912109375,-0.01959228515625,0.9990234375,-0.01812744140625,-0.1083984375,-0.15380859375,1.20263671875,-7.625,-3.3125,48.375,true,false,,,,18,0,0,right_handed,topspin,forehand
1523050590234,-0.030029296875,-0.019287109375,0.99896240234375,-0.02716064453125,0.22900390625,0.001953125,1.0517578125,-3.5,-8.4375,51.6875,true,false,,,,18,0,0,right_handed,topspin,forehand
1523050590245,-0.02935791015625,-0.020263671875,0.9986572265625,-0.0362548828125,-0.0224609375,-0.04736328125,1.06640625,-7.0625,-1.625,51.9375,true,false,,,,18,0,0,right_handed,topspin,forehand
1523050590251,-0.02874755859375,-0.02069091796875,0.998291015625,-0.04547119140625,-0.0625,-0.0263671875,1.037109375,-4.9375,-4.375,52.6875,true,false,,,,18,0,0,right_handed,topspin,forehand
1523050590263,-0.0283203125,-0.02117919921875,0.997802734375,-0.05511474609375,-0.07080078125,-0.03369140625,1.0322265625,-5.375,-4.125,54.8125,true,false,,,,18,0,0,right_handed,topspin,forehand
1523050590286,-0.02789306640625,-0.02154541015625,0.99725341796875,-0.06494140625,-0.06201171875,-0.03173828125,1.03125,-4.3125,-3.5625,56.25,true,false,,,,18,0,0,right_handed,topspin,forehand
1523050590317,-0.027587890625,-0.0216064453125,0.99652099609375,-0.074951171875,-0.0703125,-0.03125,1.02490234375,-2.9375,-3.8125,57.5,true,false,,,,18,0,0,right_handed,topspin,forehand
1523050590323,-0.02728271484375,-0.021484375,0.9957275390625,-0.08514404296875,-0.06884765625,-0.025390625,1.0341796875,-2.25,-3.5625,58.125,true,false,,,,18,0,0,right_handed,topspin,forehand
1523050590355,-0.0269775390625,-0.021484375,0.99481201171875,-0.09539794921875,-0.068359375,-0.0234375,1.029296875,-2.875,-3.4375,58.75,true,false,,,,18,0,0,right_handed,topspin,forehand
1523050590362,-0.0267333984375,-0.0213623046875,0.9937744140625,-0.10565185546875,-0.06884765625,-0.03076171875,1.0361328125,-1.75,-3.3125,58.9375,true,false,,,,18,0,0,right_handed,topspin,forehand
1523050590383,-0.02655029296875,-0.02105712890625,0.99261474609375,-0.11602783203125,-0.0625,-0.0185546875,1.025390625,-1.5,-2.5,59.625,true,false,,,,18,0,0,right_handed,topspin,forehand
1523050590405,-0.02655029296875,-0.02081298828125,0.99139404296875,-0.12646484375,-0.06396484375,-0.01513671875,1.0302734375,-1.6875,-1.75,60.4375,true,false,,,,18,0,0,right_handed,topspin,forehand
1523050590420,-0.0264892578125,-0.02056884765625,0.989990234375,-0.1370849609375,-0.0576171875,-0.01318359375,1.02978515625,-2.0625,-1.5,61.1875,true,false,,,,18,0,0,right_handed,topspin,forehand
1523050590443,-0.02642822265625,-0.0203857421875,0.9884033203125,-0.1478271484375,-0.05908203125,-0.0087890625,1.0361328125,-2.75,-1.5625,61.8125,true,false,,,,18,0,0,right_handed,topspin,forehand
1523050590465,-0.02606201171875,-0.0206298828125,0.98675537109375,-0.15850830078125,-0.0556640625,-0.02783203125,1.04736328125,-3.875,-2.5,62,true,false,,,,18,0,0,right_handed,topspin,forehand
1523050590489,-0.025390625,-0.020751953125,0.98504638671875,-0.169189453125,-0.0390625,-0.03759765625,1.048828125,-2.8125,-2.9375,61.6875,true,false,,,,18,0,0,right_handed,topspin,forehand
1523050590504,-0.0247802734375,-0.02044677734375,0.983154296875,-0.17974853515625,-0.037109375,-0.0400390625,1.06640625,-0.25,-3.3125,61.6875,true,false,,,,18,0,0,right_handed,topspin,forehand
1523050590535,-0.0244140625,-0.0196533203125,0.981201171875,-0.1903076171875,-0.0498046875,-0.0205078125,1.06396484375,1.25,-3.125,61.4375,true,false,,,,18,0,0,right_handed,topspin,forehand
1523050590549,-0.02392578125,-0.0191650390625,0.9791259765625,-0.20074462890625,-0.0380859375,-0.01318359375,1.0625,-0.4375,-2.9375,60.75,true,false,,,,18,0,0,right_handed,topspin,forehand
1523050590571,-0.0234375,-0.0189208984375,0.97698974609375,-0.21112060546875,-0.03662109375,-0.02734375,1.0595703125,-1.125,-2.25,60.625,true,false,,,,18,0,0,right_handed,topspin,forehand
1523050590595,-0.02325439453125,-0.0184326171875,0.97467041015625,-0.22149658203125,-0.03076171875,-0.03173828125,1.04638671875,1,-0.625,61.1875,true,false,,,,18,0,0,right_handed,topspin,forehand
1523050590601,-0.02337646484375,-0.0174560546875,0.97222900390625,-0.2320556640625,-0.0146484375,-0.0244140625,1.03955078125,3.75,1.5,62.125,true,false,,,,18,0,0,right_handed,topspin,forehand
1523050590623,-0.02386474609375,-0.01641845703125,0.96966552734375,-0.24261474609375,-0.0146484375,-0.0126953125,1.02685546875,4.3125,3.375,62.4375,true,false,,,,18,0,0,right_handed,topspin,forehand
1523050590647,-0.0245361328125,-0.0157470703125,0.96697998046875,-0.253173828125,-0.01318359375,-0.0048828125,1.0107421875,1.9375,5.25,62.5,true,false,,,,18,0,0,right_handed,topspin,forehand
1523050590669,-0.02532958984375,-0.0157470703125,0.964111328125,-0.263671875,-0.0341796875,-0.01513671875,1.00439453125,-0.75,5.5,62.4375,true,false,,,,18,0,0,right_handed,topspin,forehand
1523050590692,-0.026123046875,-0.01605224609375,0.961181640625,-0.27410888671875,-0.05322265625,-0.0146484375,1.01123046875,-2.6875,4.8125,62,true,false,,,,18,0,0,right_handed,topspin,forehand
1523050590706,-0.02685546875,-0.016845703125,0.9581298828125,-0.28448486328125,-0.06689453125,-0.029296875,0.99755859375,-4.0625,4.0625,62,true,false,,,,18,0,0,right_handed,topspin,forehand
1523050590721,-0.02740478515625,-0.01763916015625,0.9549560546875,-0.2947998046875,-0.07177734375,-0.0390625,1.001953125,-3.9375,3.1875,61.75,true,false,,,,18,0,0,right_handed,topspin,forehand
1523050590744,-0.02783203125,-0.01806640625,0.95172119140625,-0.3050537109375,-0.06982421875,-0.046875,0.99755859375,-1.75,2.1875,61.6875,true,false,,,,18,0,0,right_handed,topspin,forehand
1523050590766,-0.02825927734375,-0.01812744140625,0.9483642578125,-0.3153076171875,-0.06884765625,-0.03955078125,0.99462890625,0,1.6875,61.875,true,false,,,,18,0,0,right_handed,topspin,forehand
1523050590781,-0.02880859375,-0.01776123046875,0.94488525390625,-0.32550048828125,-0.07666015625,-0.02490234375,0.99658203125,1.5625,0.875,61.75,true,false,,,,18,0,0,right_handed,topspin,forehand
1523050590804,-0.02911376953125,-0.01763916015625,0.9412841796875,-0.33575439453125,-0.0791015625,-0.03076171875,0.9912109375,0.625,0.3125,62.3125,true,false,,,,18,0,0,right_handed,topspin,forehand
1523050590826,-0.0291748046875,-0.0177001953125,0.9376220703125,-0.345947265625,-0.07275390625,-0.04443359375,0.99658203125,-0.0625,-0.5,61.875,true,false,,,,18,0,0,right_handed,topspin,forehand
1523050590840,-0.0289306640625,-0.017578125,0.93389892578125,-0.35595703125,-0.05615234375,-0.04150390625,1.00146484375,-0.0625,-1.25,61.4375,true,false,,,,18,0,0,right_handed,topspin,forehand
1523050590863,-0.02862548828125,-0.017822265625,0.929931640625,-0.3660888671875,-0.06201171875,-0.037109375,1.00244140625,-2.125,-1.1875,62.125,true,false,,,,18,0,0,right_handed,topspin,forehand
1523050590886,-0.02825927734375,-0.018310546875,0.9259033203125,-0.37615966796875,-0.06591796875,-0.033203125,1.00634765625,-4.25,-1.3125,62.3125,true,false,,,,18,0,0,right_handed,topspin,forehand
1523050590901,-0.02783203125,-0.0189208984375,0.92169189453125,-0.38641357421875,-0.07177734375,-0.0322265625,1.00830078125,-5.0625,-1.75,63.125,true,false,,,,18,0,0,right_handed,topspin,forehand
1523050590923,-0.0272216796875,-0.0198974609375,0.9173583984375,-0.39666748046875,-0.07080078125,-0.0478515625,1.0078125,-6.1875,-1.6875,63.8125,true,false,,,,18,0,0,right_handed,topspin,forehand
1523050590962,-0.02667236328125,-0.020751953125,0.912841796875,-0.4068603515625,-0.06591796875,-0.056640625,1.01806640625,-5.125,-1.3125,63.9375,true,false,,,,18,0,0,right_handed,topspin,forehand
1523050590978,-0.02630615234375,-0.02142333984375,0.908203125,-0.41717529296875,-0.06689453125,-0.05078125,1.01708984375,-4.3125,-1,64.6875,true,false,,,,18,0,0,right_handed,topspin,forehand
1523050590992,-0.02593994140625,-0.02227783203125,0.90338134765625,-0.42742919921875,-0.068359375,-0.044921875,1.02294921875,-5.5625,-0.5625,64.6875,true,false,,,,18,0,0,right_handed,topspin,forehand
1523050591015,-0.025634765625,-0.0235595703125,0.8984375,-0.4376220703125,-0.07177734375,-0.03564453125,1.04052734375,-8.5,1,64.75,true,false,,,,18,0,0,right_handed,topspin,forehand
1523050591030,-0.02337646484375,-0.02490234375,0.89324951171875,-0.4482421875,0.03955078125,-0.076171875,1.00537109375,-11.25,-1.5625,67.5,true,false,,,,18,0,0,right_handed,topspin,forehand
1523050591043,-0.02093505859375,-0.0260009765625,0.88787841796875,-0.45880126953125,0.05810546875,-0.0810546875,0.98974609375,-10.3125,-2.25,67.8125,true,false,,,,18,0,0,right_handed,topspin,forehand
1523050591066,-0.01861572265625,-0.0281982421875,0.8824462890625,-0.46917724609375,0.0615234375,-0.13671875,1.14208984375,-12.75,2.3125,66.9375,true,false,,,,18,0,0,right_handed,topspin,forehand
1523050591081,-0.01959228515625,-0.0306396484375,0.87701416015625,-0.47906494140625,-0.1259765625,-0.0322265625,1.0478515625,-11.8125,6.125,64.5,true,false,,,,18,0,0,right_handed,topspin,forehand
1523050591103,-0.01910400390625,-0.03271484375,0.87139892578125,-0.48907470703125,-0.09619140625,-0.06884765625,1.017578125,-11.8125,0,65.25,true,false,,,,18,0,0,right_handed,topspin,forehand
1523050591126,-0.01824951171875,-0.0347900390625,0.86566162109375,-0.4990234375,-0.0703125,-0.0615234375,1.0185546875,-13.9375,0.25,65.375,true,false,,,,18,0,0,right_handed,topspin,forehand
1523050591142,-0.01727294921875,-0.03692626953125,0.85980224609375,-0.5089111328125,-0.076171875,-0.07080078125,1.013671875,-13.625,-0.5625,65.625,true,false,,,,18,0,0,right_handed,topspin,forehand
1523050591171,-0.0162353515625,-0.03875732421875,0.8538818359375,-0.51873779296875,-0.068359375,-0.06005859375,1.00830078125,-13.8125,-1.375,65.25,true,false,,,,18,0,0,right_handed,topspin,forehand
1523050591203,-0.01483154296875,-0.04058837890625,0.847900390625,-0.5284423828125,-0.06005859375,-0.06884765625,1.02490234375,-14.4375,-2.125,64.75,true,false,,,,18,0,0,right_handed,topspin,forehand
1523050591205,-0.0133056640625,-0.04217529296875,0.84185791015625,-0.537841796875,-0.05224609375,-0.07568359375,1.025390625,-13.4375,-3.3125,63.6875,true,false,,,,18,0,0,right_handed,topspin,forehand
1523050591223,-0.01171875,-0.04351806640625,0.8358154296875,-0.547119140625,-0.04443359375,-0.0751953125,1.0322265625,-12.75,-3.5625,62.875,true,false,,,,18,0,0,right_handed,topspin,forehand
1523050591246,-0.01031494140625,-0.0445556640625,0.829833984375,-0.55615234375,-0.03955078125,-0.0703125,1.0400390625,-11.0625,-3.375,62,true,false,,,,18,0,0,right_handed,topspin,forehand
1523050591263,-0.009033203125,-0.0452880859375,0.82373046875,-0.56512451171875,-0.03759765625,-0.05419921875,1.03662109375,-10.5625,-3.375,61.5625,true,false,,,,18,0,0,right_handed,topspin,forehand
1523050591285,-0.00799560546875,-0.0460205078125,0.817626953125,-0.57379150390625,-0.04052734375,-0.04541015625,1.0380859375,-10.5625,-2.6875,60.4375,true,false,,,,18,0,0,right_handed,topspin,forehand
1523050591307,-0.0072021484375,-0.04669189453125,0.8116455078125,-0.582275390625,-0.05078125,-0.0517578125,1.046875,-9.1875,-2.0625,59.125,true,false,,,,18,0,0,right_handed,topspin,forehand
1523050591330,-0.0067138671875,-0.04705810546875,0.80572509765625,-0.59039306640625,-0.052734375,-0.0537109375,1.041015625,-6.625,-1.8125,57.375,true,false,,,,18,0,0,right_handed,topspin,forehand
1523050591352,-0.0064697265625,-0.04705810546875,0.7999267578125,-0.59820556640625,-0.044921875,-0.05224609375,1.048828125,-4.125,-1.375,55.5,true,false,,,,18,0,0,right_handed,topspin,forehand
1523050591374,-0.0062255859375,-0.04681396484375,0.79443359375,-0.60552978515625,-0.033203125,-0.0556640625,1.04443359375,-2.3125,-1.0625,52.625,true,false,,,,18,0,0,right_handed,topspin,forehand
1523050591382,-0.006103515625,-0.046142578125,0.7891845703125,-0.61236572265625,-0.025390625,-0.03857421875,1.04345703125,-1.5,-1.375,49.0625,true,false,,,,18,0,0,right_handed,topspin,forehand
1523050591403,-0.00579833984375,-0.0458984375,0.78411865234375,-0.618896484375,-0.03857421875,-0.03564453125,1.03955078125,-3.6875,-1.75,47.1875,true,false,,,,18,0,0,right_handed,topspin,forehand
1523050591426,-0.005615234375,-0.0457763671875,0.7791748046875,-0.6251220703125,-0.04931640625,-0.0341796875,1.041015625,-4.0625,-1.4375,45.5625,true,false,,,,18,0,0,right_handed,topspin,forehand
1523050591442,-0.00543212890625,-0.04571533203125,0.7742919921875,-0.63116455078125,-0.04150390625,-0.0322265625,1.03466796875,-4.1875,-0.6875,44.3125,true,false,,,,18,0,0,right_handed,topspin,forehand
1523050591480,-0.0054931640625,-0.04571533203125,0.76959228515625,-0.63690185546875,-0.05126953125,-0.0390625,1.0205078125,-3.3125,0.125,42.3125,true,false,,,,18,0,0,right_handed,topspin,forehand
1523050591486,-0.00592041015625,-0.0455322265625,0.7650146484375,-0.642333984375,-0.0654296875,-0.03564453125,1.03173828125,-1.125,0.3125,40.6875,true,false,,,,18,0,0,right_handed,topspin,forehand
1523050591517,-0.0064697265625,-0.0452880859375,0.76055908203125,-0.64764404296875,-0.06884765625,-0.03515625,1.02587890625,-0.3125,0.1875,39.5,true,false,,,,18,0,0,right_handed,topspin,forehand
1523050591533,-0.00732421875,-0.0450439453125,0.7562255859375,-0.6527099609375,-0.11279296875,-0.04345703125,1.01025390625,1.75,-1.25,38.125,true,false,,,,18,0,0,right_handed,topspin,forehand
1523050591553,-0.00665283203125,-0.0445556640625,0.751953125,-0.65771484375,0.03369140625,-0.05908203125,1.060546875,-1.8125,1.5,37.9375,true,false,,,,18,0,0,right_handed,topspin,forehand
1523050591570,-0.00469970703125,-0.04351806640625,0.747802734375,-0.6624755859375,0.0751953125,-0.10791015625,1.0498046875,-1.0625,-3.3125,36.4375,true,false,,,,18,0,0,right_handed,topspin,forehand
1523050591592,-0.00360107421875,-0.0435791015625,0.7440185546875,-0.666748046875,0.01220703125,-0.12646484375,1.1416015625,-1.6875,0.6875,33.125,true,false,,,,18,0,0,right_handed,topspin,forehand
1523050591608,-0.00689697265625,-0.04425048828125,0.7406005859375,-0.67047119140625,-0.2724609375,0.00146484375,0.93212890625,4.9375,1.125,28.5625,true,false,,,,18,0,0,right_handed,topspin,forehand
1523050591621,-0.00445556640625,-0.0413818359375,0.737060546875,-0.67449951171875,0.1748046875,-0.06787109375,1.0673828125,2.25,-5.25,31.125,true,false,,,,18,0,0,right_handed,topspin,forehand
1523050591645,-0.0078125,-0.0426025390625,0.73394775390625,-0.67779541015625,-0.298828125,0.00537109375,0.88818359375,3.5,1.5,25.625,true,false,,,,18,0,0,right_handed,topspin,forehand
1523050591668,-0.00579833984375,-0.04315185546875,0.730712890625,-0.68133544921875,-0.001953125,-0.16845703125,1.21728515625,-3.8125,-1.4375,27.5625,true,false,,,,18,0,0,right_handed,topspin,forehand
1523050591682,-0.00390625,-0.0396728515625,0.72772216796875,-0.68475341796875,0.18408203125,0.025390625,0.98291015625,0.625,-5.125,26.125,true,false,,,,18,0,0,right_handed,topspin,forehand
1523050591712,-0.00579833984375,-0.03936767578125,0.72479248046875,-0.68780517578125,-0.15185546875,0.0693359375,0.80419921875,0.3125,-1.25,23.8125,true,false,,,,18,0,0,right_handed,topspin,forehand
1523050591743,-0.0086669921875,-0.0426025390625,0.72198486328125,-0.6905517578125,-0.39697265625,-0.03466796875,0.85791015625,-3.5,0.6875,21.9375,true,false,,,,18,0,0,right_handed,topspin,forehand
1523050591745,-0.01043701171875,-0.0467529296875,0.71905517578125,-0.69329833984375,-0.400390625,-0.1123046875,0.9765625,-6.625,0.75,22,true,false,,,,18,0,0,right_handed,topspin,forehand
1523050591763,-0.010498046875,-0.047119140625,0.71624755859375,-0.69622802734375,-0.11181640625,-0.02734375,1.01904296875,-4.3125,-1.0625,23.125,true,false,,,,18,0,0,right_handed,topspin,forehand
1523050591786,-0.00994873046875,-0.04736328125,0.7132568359375,-0.69927978515625,-0.09619140625,-0.07763671875,1.0048828125,-2.5,-3.1875,24.375,true,false,,,,18,0,0,right_handed,topspin,forehand
1523050591803,-0.0096435546875,-0.0469970703125,0.71026611328125,-0.70233154296875,-0.06591796875,-0.06201171875,1.00732421875,-0.0625,-2.25,24.375,true,false,,,,18,0,0,right_handed,topspin,forehand
1523050591824,-0.00970458984375,-0.04620361328125,0.707275390625,-0.70538330078125,-0.0537109375,-0.0419921875,1.001953125,1.5625,-1.875,24.5,true,false,,,,18,0,0,right_handed,topspin,forehand
1523050591846,-0.0096435546875,-0.04541015625,0.7042236328125,-0.70843505859375,-0.0615234375,-0.03173828125,1.0048828125,0.6875,-2.6875,24.875,true,false,,,,18,0,0,right_handed,topspin,forehand
1523050591862,-0.00927734375,-0.04473876953125,0.7010498046875,-0.71160888671875,-0.05712890625,-0.02880859375,1.00244140625,-1.375,-3.5,25.375,true,false,,,,18,0,0,right_handed,topspin,forehand
1523050591884,-0.00860595703125,-0.04412841796875,0.69781494140625,-0.71484375,-0.0546875,-0.03466796875,1.00537109375,-2.25,-4.4375,26.125,true,false,,,,18,0,0,right_handed,topspin,forehand
1523050591914,-0.00799560546875,-0.04327392578125,0.69451904296875,-0.7181396484375,-0.05322265625,-0.037109375,1.01220703125,-1.3125,-5.3125,26.625,true,false,,,,18,0,0,right_handed,topspin,forehand
1523050591922,-0.00750732421875,-0.04205322265625,0.69122314453125,-0.72137451171875,-0.048828125,-0.03076171875,1.00830078125,0.875,-6.125,26.375,true,false,,,,18,0,0,right_handed,topspin,forehand
1523050591944,-0.00726318359375,-0.0404052734375,0.6878662109375,-0.72467041015625,-0.052734375,-0.02001953125,1.0166015625,2.625,-7.0625,26.4375,true,false,,,,18,0,0,right_handed,topspin,forehand
1523050591965,-0.00726318359375,-0.03857421875,0.6845703125,-0.7279052734375,-0.05712890625,-0.00927734375,1.03076171875,3.8125,-7.4375,26.6875,true,false,,,,18,0,0,right_handed,topspin,forehand
1523050591982,-0.00750732421875,-0.03656005859375,0.68109130859375,-0.731201171875,-0.0576171875,-0.005859375,1.03076171875,5.5,-7.375,27.3125,true,false,,,,18,0,0,right_handed,topspin,forehand
1523050592003,-0.00811767578125,-0.03424072265625,0.67767333984375,-0.7344970703125,-0.0498046875,0.009765625,1.02734375,7.5625,-7,27.3125,true,false,,,,18,0,0,right_handed,topspin,forehand
1523050592026,-0.00897216796875,-0.0318603515625,0.67425537109375,-0.73773193359375,-0.04833984375,0.02099609375,1.03515625,8.375,-6.375,27.0625,true,false,,,,18,0,0,right_handed,topspin,forehand
1523050592042,-0.010009765625,-0.0296630859375,0.6708984375,-0.74090576171875,-0.05224609375,0.0263671875,1.041015625,8.375,-5.1875,26.5,true,false,,,,18,0,0,right_handed,topspin,forehand
1523050592065,-0.01116943359375,-0.02752685546875,0.6676025390625,-0.74395751953125,-0.041015625,0.03662109375,1.0478515625,8.25,-3.875,25.8125,true,false,,,,18,0,0,right_handed,topspin,forehand
1523050592085,-0.01239013671875,-0.0255126953125,0.66424560546875,-0.7469482421875,-0.03466796875,0.05029296875,1.03955078125,7.375,-2.75,25.625,true,false,,,,18,0,0,right_handed,topspin,forehand
1523050592103,-0.0135498046875,-0.023681640625,0.6610107421875,-0.7498779296875,-0.033203125,0.064453125,1.03857421875,5.875,-1.9375,25.25,true,false,,,,18,0,0,right_handed,topspin,forehand
1523050592125,-0.01446533203125,-0.0223388671875,0.65777587890625,-0.75274658203125,-0.04150390625,0.05712890625,1.03515625,3.75,-1.4375,24.75,true,false,,,,18,0,0,right_handed,topspin,forehand
1523050592145,-0.01556396484375,-0.02130126953125,0.65460205078125,-0.75555419921875,-0.05126953125,0.06494140625,1.033203125,3.0625,-0.375,23.9375,true,false,,,,18,0,0,right_handed,topspin,forehand
1523050592162,-0.01654052734375,-0.02032470703125,0.65142822265625,-0.75823974609375,-0.04638671875,0.0615234375,1.03466796875,2.9375,-0.1875,23.75,true,false,,,,18,0,0,right_handed,topspin,forehand
1523050592184,-0.017578125,-0.0191650390625,0.6484375,-0.7608642578125,-0.03515625,0.056640625,1.03369140625,4.0625,0,22.9375,true,false,,,,18,0,0,right_handed,topspin,forehand
1523050592205,-0.01898193359375,-0.0179443359375,0.64544677734375,-0.76336669921875,-0.04345703125,0.05615234375,1.0361328125,6.4375,0.75,22.25,true,false,,,,18,0,0,right_handed,topspin,forehand
1523050592222,-0.02069091796875,-0.0166015625,0.64251708984375,-0.76580810546875,-0.04345703125,0.07177734375,1.03466796875,7.6875,1.1875,21.8125,true,false,,,,18,0,0,right_handed,topspin,forehand
1523050592245,-0.02227783203125,-0.0152587890625,0.6396484375,-0.7681884765625,-0.03271484375,0.07861328125,1.02099609375,6.75,1.5625,21.375,true,false,,,,18,0,0,right_handed,topspin,forehand
1523050592266,-0.02386474609375,-0.0142822265625,0.6368408203125,-0.7705078125,-0.044921875,0.087890625,1.02587890625,5.3125,2.1875,21.125,true,false,,,,18,0,0,right_handed,topspin,forehand
1523050592282,-0.0252685546875,-0.013671875,0.634033203125,-0.77276611328125,-0.05810546875,0.0849609375,1.02685546875,3.375,2.1875,20.625,true,false,,,,18,0,0,right_handed,topspin,forehand
1523050592304,-0.0263671875,-0.0133056640625,0.6312255859375,-0.7750244140625,-0.05859375,0.0751953125,1.01953125,1.9375,2.3125,20.1875,true,false,,,,18,0,0,right_handed,topspin,forehand
1523050592326,-0.02752685546875,-0.01300048828125,0.62847900390625,-0.7772216796875,-0.06396484375,0.06689453125,1.015625,2.8125,2.4375,20.125,true,false,,,,18,0,0,right_handed,topspin,forehand
1523050592342,-0.02862548828125,-0.01263427734375,0.62579345703125,-0.77935791015625,-0.06884765625,0.06494140625,1.021484375,3.1875,2.0625,19.625,true,false,,,,18,0,0,right_handed,topspin,forehand
1523050592364,-0.02978515625,-0.01226806640625,0.62310791015625,-0.781494140625,-0.0703125,0.05908203125,1.02001953125,4.125,1.625,19.75,true,false,,,,18,0,0,right_handed,topspin,forehand
1523050592385,-0.031005859375,-0.01171875,0.62042236328125,-0.7835693359375,-0.0732421875,0.0625,1.01513671875,4.625,1.25,19.5,true,false,,,,18,0,0,right_handed,topspin,forehand
1523050592410,-0.03204345703125,-0.0111083984375,0.6177978515625,-0.78564453125,-0.064453125,0.0576171875,1.009765625,4.8125,0.75,19.3125,true,false,,,,18,0,0,right_handed,topspin,forehand
1523050592432,-0.0330810546875,-0.010498046875,0.6151123046875,-0.78765869140625,-0.06982421875,0.056640625,1.00537109375,5.0625,0.0625,19.5,true,false,,,,18,0,0,right_handed,topspin,forehand
1523050592454,-0.03399658203125,-0.00970458984375,0.61236572265625,-0.789794921875,-0.0654296875,0.0498046875,1.01171875,5.6875,-0.4375,19.8125,true,false,,,,18,0,0,right_handed,topspin,forehand
1523050592462,-0.034912109375,-0.00885009765625,0.60955810546875,-0.79193115234375,-0.06640625,0.05615234375,1.00537109375,5.875,-0.6875,20.5625,true,false,,,,18,0,0,right_handed,topspin,forehand
1523050592501,-0.0357666015625,-0.0079345703125,0.60662841796875,-0.79412841796875,-0.0615234375,0.05810546875,1.0009765625,5.5625,-1.1875,21.125,true,false,,,,18,0,0,right_handed,topspin,forehand
1523050592505,-0.036376953125,-0.00714111328125,0.6036376953125,-0.79644775390625,-0.06787109375,0.06591796875,1.0009765625,3.75,-2.0625,21.875,true,false,,,,18,0,0,right_handed,topspin,forehand
1523050592523,-0.03656005859375,-0.00640869140625,0.60040283203125,-0.798828125,-0.0634765625,0.05712890625,1.0087890625,2.3125,-2.5625,23,true,false,,,,18,0,0,right_handed,topspin,forehand
1523050592546,-0.03662109375,-0.005615234375,0.59698486328125,-0.8013916015625,-0.05126953125,0.0517578125,1.01513671875,2.25,-2.8125,24.5,true,false,,,,18,0,0,right_handed,topspin,forehand
1523050592568,-0.0369873046875,-0.004638671875,0.5933837890625,-0.8040771484375,-0.05712890625,0.05419921875,1.00732421875,4.375,-2.8125,25.9375,true,false,,,,18,0,0,right_handed,topspin,forehand
1523050592595,-0.03753662109375,-0.00341796875,0.589599609375,-0.80682373046875,-0.04931640625,0.06298828125,1.01416015625,5.5625,-2.875,27.25,true,false,,,,18,0,0,right_handed,topspin,forehand
1523050592620,-0.0380859375,-0.002197265625,0.58563232421875,-0.8096923828125,-0.04443359375,0.0771484375,1.01708984375,4.6875,-3,28.1875,true,false,,,,18,0,0,right_handed,topspin,forehand
1523050592643,-0.038330078125,-0.0010986328125,0.58154296875,-0.8126220703125,-0.048828125,0.0751953125,1.0234375,3.375,-3.25,28.875,true,false,,,,18,0,0,right_handed,topspin,forehand
1523050592688,-0.0384521484375,-0.00018310546875,0.577392578125,-0.8155517578125,-0.04541015625,0.06884765625,1.02880859375,2.625,-3.1875,29.375,true,false,,,,18,0,0,right_handed,topspin,forehand
1523050592689,-0.0386962890625,0.0009765625,0.5731201171875,-0.81854248046875,-0.037109375,0.078125,1.03076171875,3.4375,-3.0625,29.9375,true,false,,,,18,0,0,right_handed,topspin,forehand
1523050592711,-0.03936767578125,0.0018310546875,0.56890869140625,-0.82147216796875,-0.076171875,0.0810546875,1.03369140625,4.4375,-3.25,29.5625,true,false,,,,18,0,0,right_handed,topspin,forehand
1523050592724,-0.0384521484375,0.00335693359375,0.56439208984375,-0.82464599609375,0.07470703125,0.0693359375,1.08056640625,0.1875,-0.9375,31.5,true,false,,,,18,0,0,right_handed,topspin,forehand
1523050592734,-0.03643798828125,0.00518798828125,0.55975341796875,-0.827880859375,0.11083984375,0.03076171875,1.09716796875,-1.4375,-3.75,32.1875,true,false,,,,18,0,0,right_handed,topspin,forehand
1523050592754,-0.0357666015625,0.00457763671875,0.55535888671875,-0.83087158203125,-0.05126953125,0.0244140625,1.14599609375,-2.125,0.75,30.5,true,false,,,,18,0,0,right_handed,topspin,forehand
1523050592770,-0.03851318359375,0.00433349609375,0.55096435546875,-0.8336181640625,-0.208984375,0.171875,0.8896484375,4.1875,-1.8125,30.0625,true,false,,,,18,0,0,right_handed,topspin,forehand
1523050592792,-0.03594970703125,0.00677490234375,0.54608154296875,-0.83697509765625,0.158203125,0.0185546875,1.15966796875,-1.25,-5.25,33.5625,true,false,,,,18,0,0,right_handed,topspin,forehand
1523050592815,-0.0386962890625,0.00689697265625,0.54168701171875,-0.83966064453125,-0.19482421875,0.17333984375,0.84521484375,5.25,-2.6875,30.0625,true,false,,,,18,0,0,right_handed,topspin,forehand
1523050592821,-0.03802490234375,0.0054931640625,0.537353515625,-0.84246826171875,-0.1416015625,-0.03955078125,1.1796875,0.75,-1.5,30.0625,true,false,,,,18,0,0,right_handed,topspin,forehand
1523050592843,-0.0377197265625,0.00860595703125,0.53253173828125,-0.84552001953125,0.07763671875,0.0859375,1.00537109375,6.5,-7.8125,32.6875,true,false,,,,18,0,0,right_handed,topspin,forehand
1523050592866,-0.03839111328125,0.00982666015625,0.52813720703125,-0.8482666015625,-0.04541015625,0.09228515625,1.03369140625,5.5,-4.125,29.875,true,false,,,,18,0,0,right_handed,topspin,forehand
1523050592881,-0.0386962890625,0.01080322265625,0.52362060546875,-0.85101318359375,-0.0361328125,0.09716796875,1.0361328125,2.9375,-3.875,30.75,true,false,,,,18,0,0,right_handed,topspin,forehand
1523050592904,-0.03863525390625,0.01165771484375,0.5189208984375,-0.8538818359375,-0.02783203125,0.0908203125,1.03564453125,1,-3.4375,31.6875,true,false,,,,18,0,0,right_handed,topspin,forehand
1523050592926,-0.03857421875,0.01226806640625,0.51409912109375,-0.8568115234375,-0.0283203125,0.08447265625,1.03515625,1.0625,-2.625,32.3125,true,false,,,,18,0,0,right_handed,topspin,forehand
1523050592943,-0.0386962890625,0.0128173828125,0.5091552734375,-0.8597412109375,-0.0283203125,0.080078125,1.0263671875,2.1875,-1.8125,32.9375,true,false,,,,18,0,0,right_handed,topspin,forehand
1523050592965,-0.03900146484375,0.013427734375,0.504150390625,-0.8626708984375,-0.0302734375,0.08740234375,1.02392578125,2.625,-1.8125,33.5,true,false,,,,18,0,0,right_handed,topspin,forehand
1523050592987,-0.03912353515625,0.0140380859375,0.49896240234375,-0.86566162109375,-0.01611328125,0.08447265625,1.0224609375,1.8125,-1.375,34.375,true,false,,,,18,0,0,right_handed,topspin,forehand
1523050593009,-0.03887939453125,0.01458740234375,0.49365234375,-0.86871337890625,-0.00244140625,0.078125,1.0185546875,0.6875,-1.25,35.1875,true,false,,,,18,0,0,right_handed,topspin,forehand
1523050593025,-0.038818359375,0.01507568359375,0.4881591796875,-0.87176513671875,-0.00732421875,0.0810546875,1.0166015625,0.8125,-0.75,36,true,false,,,,18,0,0,right_handed,topspin,forehand
1523050593047,-0.03857421875,0.01544189453125,0.4825439453125,-0.8748779296875,-0.00830078125,0.07763671875,1.02197265625,0.0625,-0.8125,36.875,true,false,,,,18,0,0,right_handed,topspin,forehand
1523050593062,-0.03814697265625,0.0157470703125,0.47686767578125,-0.8780517578125,-0.0048828125,0.07568359375,1.01953125,-1,-1.25,37.25,true,false,,,,18,0,0,right_handed,topspin,forehand
1523050593092,-0.03778076171875,0.01605224609375,0.47100830078125,-0.88116455078125,-0.0166015625,0.0791015625,1.01953125,-0.75,-1.5625,37.9375,true,false,,,,18,0,0,right_handed,topspin,forehand
1523050593106,-0.03729248046875,0.016357421875,0.465087890625,-0.88433837890625,-0.01416015625,0.07958984375,1.02197265625,-1.6875,-1.8125,38.875,true,false,,,,18,0,0,right_handed,topspin,forehand
1523050593121,-0.03704833984375,0.01666259765625,0.4588623046875,-0.8875732421875,-0.02197265625,0.07666015625,1.0234375,-0.125,-1.875,40,true,false,,,,18,0,0,right_handed,topspin,forehand
1523050593144,-0.0369873046875,0.01715087890625,0.45257568359375,-0.89080810546875,-0.0185546875,0.07421875,1.02490234375,1.375,-2.0625,40.75,true,false,,,,18,0,0,right_handed,topspin,forehand
1523050593167,-0.03680419921875,0.01776123046875,0.44622802734375,-0.89398193359375,-0.0078125,0.06591796875,1.02392578125,1.875,-2.5,40.6875,true,false,,,,18,0,0,right_handed,topspin,forehand
1523050593190,-0.0369873046875,0.0184326171875,0.43975830078125,-0.89715576171875,-0.00927734375,0.0732421875,1.0302734375,3.5625,-1.875,41.4375,true,false,,,,18,0,0,right_handed,topspin,forehand
1523050593205,-0.03741455078125,0.01922607421875,0.43310546875,-0.900390625,-0.00244140625,0.0947265625,1.0380859375,3.5,-1.5625,42.4375,true,false,,,,18,0,0,right_handed,topspin,forehand
1523050593233,-0.03729248046875,0.01971435546875,0.42633056640625,-0.90362548828125,-0.00146484375,0.08642578125,1.033203125,0.625,-1.5625,43.25,true,false,,,,18,0,0,right_handed,topspin,forehand
1523050593243,-0.03668212890625,0.02001953125,0.41937255859375,-0.9068603515625,0.00537109375,0.076171875,1.02880859375,-1.625,-1.0625,43.9375,true,false,,,,18,0,0,right_handed,topspin,forehand
1523050593263,-0.03631591796875,0.020263671875,0.41229248046875,-0.91015625,0.00537109375,0.0791015625,1.02490234375,-0.875,-0.5,44.8125,true,false,,,,18,0,0,right_handed,topspin,forehand
1523050593286,-0.03619384765625,0.0206298828125,0.40496826171875,-0.91339111328125,0.01806640625,0.08642578125,1.02783203125,0.4375,0.1875,45.8125,true,false,,,,18,0,0,right_handed,topspin,forehand
1523050593303,-0.03607177734375,0.0208740234375,0.39739990234375,-0.916748046875,0.0234375,0.0927734375,1.0263671875,-0.75,1.25,47.375,true,false,,,,18,0,0,right_handed,topspin,forehand
1523050593325,-0.0357666015625,0.0208740234375,0.3896484375,-0.9200439453125,0.02197265625,0.08740234375,1.0166015625,-1.625,2.25,48.1875,true,false,,,,18,0,0,right_handed,topspin,forehand
1523050593348,-0.03564453125,0.02081298828125,0.3818359375,-0.92333984375,0.02294921875,0.107421875,1.01611328125,-2.25,2.625,48.5,true,false,,,,18,0,0,right_handed,topspin,forehand
1523050593385,-0.0352783203125,0.020751953125,0.3739013671875,-0.92657470703125,0.021484375,0.11376953125,1.02392578125,-4.1875,2.1875,49,true,false,,,,18,0,0,right_handed,topspin,forehand
1523050593392,-0.03466796875,0.0206298828125,0.3658447265625,-0.9298095703125,0.0224609375,0.103515625,1.02392578125,-4.625,1.9375,49.5625,true,false,,,,18,0,0,right_handed,topspin,forehand
1523050593408,-0.0343017578125,0.02056884765625,0.35772705078125,-0.9329833984375,0.0126953125,0.1015625,1.02880859375,-3.0625,1.3125,49.8125,true,false,,,,18,0,0,right_handed,topspin,forehand
1523050593423,-0.03460693359375,0.02056884765625,0.34967041015625,-0.93603515625,-0.03662109375,0.10888671875,1.0068359375,-0.3125,-1,49.5625,true,false,,,,18,0,0,right_handed,topspin,forehand
1523050593459,-0.0338134765625,0.021240234375,0.341552734375,-0.93902587890625,0.09814453125,0.10546875,1.06298828125,-4.25,2.3125,49.375,true,false,,,,18,0,0,right_handed,topspin,forehand
1523050593475,-0.0321044921875,0.0233154296875,0.33349609375,-0.94195556640625,0.142578125,0.06591796875,1.00927734375,-4,-4.25,49.1875,true,false,,,,18,0,0,right_handed,topspin,forehand
1523050593489,-0.029296875,0.02484130859375,0.32574462890625,-0.9447021484375,0.16259765625,0.03662109375,1.109375,-8.9375,-2.375,46.9375,true,false,,,,18,0,0,right_handed,topspin,forehand
1523050593512,-0.02880859375,0.02227783203125,0.31878662109375,-0.9471435546875,-0.15283203125,0.10693359375,1.02978515625,-9.3125,1.6875,42.8125,true,false,,,,18,0,0,right_handed,topspin,forehand
1523050593527,-0.02777099609375,0.02520751953125,0.31121826171875,-0.94964599609375,0.1611328125,0.16064453125,0.9140625,-6.875,-6.75,45.6875,true,false,,,,18,0,0,right_handed,topspin,forehand
1523050593550,-0.02655029296875,0.0225830078125,0.30389404296875,-0.95208740234375,-0.1484375,0.04296875,1.06298828125,-8.6875,1.125,44.625,true,false,,,,18,0,0,right_handed,topspin,forehand
1523050593566,-0.0245361328125,0.02679443359375,0.2960205078125,-0.95452880859375,0.31494140625,0.1044921875,1.07177734375,-5.9375,-5.5625,47,true,false,,,,18,0,0,right_handed,topspin,forehand
1523050593586,-0.0260009765625,0.027587890625,0.28875732421875,-0.9566650390625,-0.0009765625,0.220703125,0.7978515625,-1.5625,-2.9375,44,true,false,,,,18,0,0,right_handed,topspin,forehand
1523050593603,-0.0264892578125,0.02447509765625,0.28179931640625,-0.95880126953125,-0.228515625,0.0986328125,0.9375,-4.25,1.125,42.1875,true,false,,,,18,0,0,right_handed,topspin,forehand
1523050593631,-0.02691650390625,0.0245361328125,0.2744140625,-0.9609375,0.005859375,0.15087890625,1.0146484375,-2.8125,-0.25,44.4375,true,false,,,,18,0,0,right_handed,topspin,forehand
1523050593653,-0.02667236328125,0.025146484375,0.266845703125,-0.96307373046875,0.0390625,0.12353515625,1.0078125,-3.875,-1.9375,45,true,false,,,,18,0,0,right_handed,topspin,forehand
1523050593662,-0.02630615234375,0.025634765625,0.2593994140625,-0.965087890625,0.0361328125,0.12744140625,1.01123046875,-4.875,-1.9375,44.4375,true,false,,,,18,0,0,right_handed,topspin,forehand
1523050593684,-0.02618408203125,0.02630615234375,0.252197265625,-0.96697998046875,0.03955078125,0.13525390625,1.013671875,-3.875,-2.625,43.0625,true,false,,,,18,0,0,right_handed,topspin,forehand
1523050593724,-0.02587890625,0.027099609375,0.2451171875,-0.96881103515625,0.0439453125,0.12060546875,1.0185546875,-3.8125,-3.1875,42.0625,true,false,,,,18,0,0,right_handed,topspin,forehand
1523050593725,-0.02587890625,0.028076171875,0.238525390625,-0.97039794921875,0.05078125,0.126953125,1.01220703125,-2.5,-3.625,39.125,true,false,,,,18,0,0,right_handed,topspin,forehand
1523050593745,-0.02569580078125,0.02911376953125,0.23236083984375,-0.97186279296875,0.05517578125,0.12060546875,1.02197265625,-2.75,-4.3125,36.375,true,false,,,,18,0,0,right_handed,topspin,forehand
1523050593767,-0.025634765625,0.0301513671875,0.22674560546875,-0.97314453125,0.0537109375,0.1103515625,1.029296875,-1.25,-4.4375,33.375,true,false,,,,18,0,0,right_handed,topspin,forehand