timestamp,roll,pitch,yaw,AccX,AccY,AccZ,RelAccX,RelAccY,RelAccZ,GyroX,GyroY,GyroZ,QuarX,QuarY,QuarZ,QuarW
31121974224,0.0220775,0.501364,-1.78723,-0.459473,0.0126953,0.846191,-0.459473,0.0126953,0.846191,5.625,0,7.375,0.200012,0.147095,-0.756653,0.604858
31121999240,0.0253225,0.501617,-1.78429,-0.465332,0.0126953,0.845215,-0.924805,0.0253906,1.691406,5.6875,0.9375,7.75,0.200867,0.14624,-0.755981,0.605652
31122019365,0.0286776,0.502103,-1.78103,-0.469238,0.015625,0.846191,-1.394043,0.0410156,2.537597,5.875,1.4375,8.1875,0.201843,0.145447,-0.755188,0.606445
31122035562,0.0321528,0.502869,-1.77762,-0.473633,0.0126953,0.851074,-1.867676,0.0537109,3.388671,5.8125,2,8.9375,0.202942,0.144714,-0.754333,0.6073
31122056860,0.0353706,0.503875,-1.77414,-0.475586,0.00488281,0.849609,-2.343262,0.05859371,4.23828,6.0625,2.6875,9.3125,0.204041,0.144165,-0.753418,0.608215
31122080792,0.0389791,0.505075,-1.77044,-0.479004,0.012207,0.846191,-2.822266,0.07080071,5.084471,6.6875,3.1875,9.9375,0.205322,0.143555,-0.752441,0.609131
31122095799,0.0427759,0.506194,-1.76647,-0.475098,0.0141602,0.852051,-3.297364,0.08496091,5.936522,6.5625,3.5,10.625,0.206604,0.142883,-0.751404,0.610168
31122133196,0.0467426,0.507303,-1.76247,-0.477051,0.0273438,0.85498,-3.774415,0.11230471,6.791502,6.3125,3.375,10.125,0.207947,0.142151,-0.750366,0.611145
31122139567,0.0498901,0.508527,-1.7589,-0.477051,0.0258789,0.853027,-4.251466,0.13818361,7.644529,5,3.9375,9.375,0.209106,0.141724,-0.74939,0.612061
31122185936,0.053026,0.50982,-1.75559,-0.480957,0.0200195,0.859863,-4.732423,0.15820311,8.504392,6.0625,4.4375,8.8125,0.210327,0.141296,-0.748474,0.612793
31122186577,0.0570504,0.511591,-1.75237,-0.487305,0.0297852,0.855469,-5.219728,0.18798831,9.359861,7.9375,4.8125,8.5625,0.211975,0.140686,-0.74762,0.613464
31122225160,0.0608348,0.513298,-1.74923,-0.491211,0.0317383,0.854492,-5.710939,0.21972661,10.214353,7.9375,5.0625,8.0625,0.213562,0.140137,-0.746765,0.614014
31122229874,0.0643461,0.515117,-1.74634,-0.492676,0.0390625,0.847656,-6.203615,0.25878911,11.062009,6.6875,4.8125,7.5,0.215088,0.139709,-0.745972,0.614624
31122236839,0.067273,0.516665,-1.74354,-0.49707,0.0375977,0.854492,-6.700685,0.29638681,11.916501,5.625,4.1875,7.1875,0.21637,0.139404,-0.745178,0.615173
31122270682,0.0700375,0.518051,-1.74091,-0.495117,0.0366211,0.852051,-7.195802,0.33300791,12.768552,5.5625,3.5625,7.375,0.217529,0.139099,-0.744446,0.615784
31122284053,0.0730326,0.519164,-1.73838,-0.5,0.0439453,0.85791,-7.695802,0.37695321,13.626462,6,3.4375,6.625,0.218689,0.138611,-0.743774,0.616272
31122316683,0.0756482,0.520526,-1.7362,-0.513672,0.046875,0.846191,-8.209474,0.42382821,14.472653,5.625,2.5625,5.875,0.219849,0.138306,-0.743164,0.616638
31122328991,0.0783606,0.521349,-1.73384,-0.518066,0.0493164,0.842773,-8.72754,0.47314461,15.315426,5.375,0.875,6,0.220825,0.137817,-0.742554,0.617126
31122381984,0.0808429,0.521972,-1.73169,-0.512695,0.050293,0.843262,-9.240235,0.52343761,16.158688,5.1875,0.375,6,0.22168,0.137329,-0.742004,0.617554
31122382752,0.083064,0.52233,-1.72971,-0.515137,0.0576172,0.852051,-9.755372,0.58105481,17.010739,4.25,0.125,5.625,0.222351,0.136841,-0.741516,0.618042
31122383725,0.0847688,0.522718,-1.72787,-0.526855,0.0654297,0.855957,-10.282227,0.64648451,17.866696,2.75,-0.5625,4.5625,0.2229,0.136536,-0.741028,0.618469
31122414333,0.0854277,0.522613,-1.7265,-0.523926,0.059082,0.855469,-10.806153,0.70556651,18.722165,0.5625,-1.75,4.3125,0.222961,0.136414,-0.740662,0.618958
31122419786,0.0860419,0.52204,-1.72502,-0.52002,0.0551758,0.866699,-11.326173,0.76074231,19.588864,0.875,-2.375,4.4375,0.222839,0.136169,-0.740295,0.619507
31122456496,0.0872577,0.520881,-1.72367,-0.525879,0.0576172,0.867676,-11.852052,0.81835951,20.45654,2.75,-4.6875,4.25,0.222717,0.135498,-0.740051,0.619934
31122458781,0.0886417,0.519417,-1.72257,-0.535156,0.0664062,0.854004,-12.387208,0.88476571,21.310544,2.75,-6.875,3.5,0.222534,0.134644,-0.739929,0.620361
31122476946,0.0897396,0.516878,-1.72205,-0.53125,0.0634766,0.857422,-12.918458,0.94824231,22.167966,3.375,-9.625,2.5625,0.221924,0.133484,-0.740051,0.620667
31122508138,0.0909793,0.513002,-1.72272,-0.530762,0.0585938,0.849609,-13.44922,1.00683611,23.017575,5.375,-14.25,0.375,0.220947,0.131714,-0.740662,0.620667
31122517248,0.0930596,0.508622,-1.72409,-0.515137,0.050293,0.849609,-13.964357,1.05712911,23.867184,9.875,-15.1875,-1.1875,0.220093,0.129395,-0.741577,0.620361
31122539787,0.0968571,0.503608,-1.72673,-0.492188,0.0708008,0.84082,-14.456545,1.12792991,24.708004,15.0625,-16.5625,-4.375,0.219604,0.126099,-0.743042,0.619507
31122562398,0.101264,0.497948,-1.73093,-0.480957,0.0820312,0.836426,-14.937502,1.20996111,25.54443,18.3125,-18.5625,-8.9375,0.219177,0.122192,-0.745056,0.617981
31122584788,0.10579,0.492419,-1.73736,-0.473145,0.097168,0.831055,-15.410647,1.30712911,26.375485,21.3125,-19,-14.6875,0.218933,0.118042,-0.747742,0.615662
31122596706,0.110082,0.487703,-1.74633,-0.462402,0.104492,0.834961,-15.873049,1.41162111,27.210446,23.625,-17.25,-21.4375,0.219055,0.113953,-0.751099,0.612244
31122619290,0.114267,0.484139,-1.7579,-0.452637,0.103027,0.817383,-16.325686,1.51464811,28.027829,26.9375,-14.3125,-28.125,0.219666,0.109985,-0.755127,0.607788
31122641834,0.11761,0.482693,-1.77167,-0.450195,0.0991211,0.811523,-16.775881,1.61376921,28.839352,27.625,-9.75,-34.25,0.220886,0.10675,-0.759583,0.602356
31122656902,0.120906,0.482489,-1.78673,-0.437988,0.128418,0.805664,-17.213869,1.74218721,29.645016,27.4375,-5.875,-38.875,0.222595,0.10376,-0.764282,0.596252
31122679362,0.122555,0.484551,-1.80365,-0.43457,0.144043,0.769531,-17.648439,1.88623021,30.414547,24.1875,-1.0625,-44.9375,0.224731,0.101868,-0.769226,0.589355
31122697149,0.121217,0.489004,-1.82296,-0.436523,0.153809,0.757324,-18.084962,2.04003921,31.171871,18.4375,5,-51.9375,0.22699,0.101562,-0.774475,0.581665
31122716807,0.118297,0.496554,-1.84416,-0.444336,0.155273,0.734863,-18.529298,2.19531221,31.906734,15.9375,12.5,-57.625,0.230103,0.102539,-0.779846,0.572998
31122739243,0.113709,0.506849,-1.86644,-0.455078,0.149414,0.724121,-18.984376,2.34472621,32.630855,13.25,19.625,-61.0625,0.233887,0.104797,-0.785095,0.563843
31122757301,0.110654,0.519367,-1.88833,-0.455566,0.166016,0.701172,-19.439942,2.51074221,33.332027,16.8125,26.625,-61,0.239014,0.107056,-0.789978,0.554382
31122784339,0.11057,0.533897,-1.90887,-0.463379,0.212891,0.674805,-19.903321,2.72363321,34.006832,20.9375,32.0625,-59.375,0.245728,0.108765,-0.794312,0.544861
31122816398,0.112926,0.550613,-1.92643,-0.455566,0.298828,0.622559,-20.358887,3.02246121,34.629391,18.9375,38.75,-56.25,0.253845,0.110352,-0.797607,0.535889
31122818785,0.113274,0.569733,-1.9421,-0.453125,0.366211,0.606934,-20.812012,3.38867221,35.236325,7.125,46.4375,-54.5,0.262268,0.113525,-0.799927,0.52771
31122853172,0.111014,0.591527,-1.95679,-0.45166,0.390137,0.587402,-21.263672,3.77880921,35.823727,-2.125,55.25,-54.25,0.271057,0.118469,-0.801392,0.519897
31122859123,0.108859,0.616387,-1.97039,-0.462891,0.413086,0.585449,-21.726563,4.19189521,36.409176,-4.3125,64.8125,-53.3125,0.281067,0.124207,-0.802063,0.512146
31122889998,0.111627,0.644886,-1.98066,-0.508301,0.456055,0.555176,-22.234864,4.64795021,36.964352,3.125,73.9375,-48.5625,0.293579,0.129272,-0.801575,0.504578
31122898214,0.120481,0.676226,-1.98659,-0.543945,0.520996,0.548828,-22.778809,5.16894621,37.51318,10.625,82.25,-42.5625,0.308411,0.133179,-0.799866,0.497375
31122919256,0.136104,0.712421,-1.98591,-0.579102,0.580078,0.518066,-23.357911,5.74902421,38.031246,16.375,96.5,-33.875,0.326233,0.136658,-0.796204,0.490906
31122937093,0.142612,0.753183,-1.98682,-0.650391,0.677246,0.427246,-24.008302,6.42627021,38.458492,12.625,112.5,-24.8125,0.343506,0.144714,-0.791504,0.484375
31122958248,0.150621,0.797535,-1.98033,-0.71875,0.709961,0.344238,-24.727052,7.13623121,38.80273,1.9375,123.375,-12.8125,0.361755,0.154419,-0.784363,0.479675
31122979289,0.166093,0.843892,-1.96159,-0.796387,0.79834,0.23291,-25.523439,7.93457121,39.03564,-3.875,130.875,6.625,0.381226,0.164185,-0.774353,0.4776
31122997180,0.188737,0.891636,-1.92623,-0.991699,0.966309,0.10498,-26.515138,8.90088021,39.14062,-22.3125,137.125,29.1875,0.401001,0.175293,-0.76062,0.479431
31123018153,0.221398,0.938542,-1.86737,-1.22559,1.0249,-0.0581055,-27.740728,9.92578021,39.0825145,-50.875,138.875,62.4375,0.419922,0.188171,-0.742249,0.487122
31123046686,0.275475,0.980641,-1.77561,-1.40967,1.02686,-0.163574,-29.150398,10.95264021,38.9189405,-70.875,137.938,106.125,0.438232,0.200439,-0.718628,0.501404
31123057128,0.358751,1.01413,-1.64369,-1.49219,1.11523,-0.210938,-30.642588,12.06787021,38.7080025,-89.3125,138.625,153.812,0.456116,0.211121,-0.688965,0.522278
31123079562,0.470989,1.03365,-1.46897,-1.60938,1.16602,-0.272949,-32.251968,13.23389021,38.4350535,-115.562,138.812,205.062,0.472595,0.220642,-0.652161,0.55011
31123106776,0.597015,1.03198,-1.26796,-2.10791,1.27002,-0.350098,-34.359878,14.50391021,38.0849555,-133.938,146.062,255.938,0.485474,0.228394,-0.609375,0.58374
31123124599,0.736919,1.00484,-1.04422,-2.41016,1.44141,-0.714844,-36.770038,15.94532021,37.3701115,-145.625,147.188,312.188,0.497681,0.231934,-0.558105,0.62207
31123138251,0.870717,0.948917,-0.811176,-2.52783,1.35303,-0.414062,-39.297868,17.29835021,36.9560495,-171.125,158.25,374.375,0.508179,0.232605,-0.4953,0.665039
31123159283,0.987451,0.863414,-0.590581,-3.03662,1.40869,-0.651367,-42.334488,18.70704021,36.3046825,-164.438,166.688,429.375,0.519043,0.227234,-0.422485,0.707397
31123177847,1.07349,0.746802,-0.39285,-3.25439,1.32812,-0.565918,-45.588878,20.03516021,35.7387645,-163.438,166.062,488.75,0.528137,0.214539,-0.339111,0.748352
31123198218,1.12096,0.607942,-0.217982,-3.43066,1.48096,-0.510742,-49.019538,21.51612021,35.2280225,-179.375,167.062,532.812,0.531799,0.196838,-0.246094,0.786011
31123219176,1.12073,0.45396,-0.0609802,-3.49023,1.41211,-0.411133,-52.509768,22.92823021,34.8168895,-229.688,158.875,567.5,0.523438,0.174744,-0.144714,0.821289
31123244582,1.07778,0.286132,0.0872268,-3.36523,1.25439,-0.234863,-55.874998,24.18262021,34.5820265,-277.438,135.562,610.438,0.502136,0.144409,-0.0360718,0.851807
31123260153,1.00101,0.111238,0.234239,-3.17139,1.10205,-0.0463867,-59.046388,25.28467021,34.5356398,-303.75,103.688,644.562,0.470154,0.104431,0.0758667,0.873047
31123279213,0.893337,-0.0634201,0.38709,-2.89014,0.944824,0.130859,-61.936528,26.22949421,34.6664988,-319.625,64.875,665.25,0.429199,0.0549927,0.186829,0.881897
31123304741,0.756751,-0.230995,0.555395,-2.59424,0.913086,0.3125,-64.530768,27.14258021,34.9789988,-320.5,25.875,679.75,0.382263,-0.00238037,0.294006,0.875977
31123319682,0.588236,-0.383825,0.74784,-2.29053,0.908691,0.276367,-66.821298,28.05127121,35.2553658,-315.438,-14.125,687.688,0.331604,-0.065979,0.394653,0.854309
31123339492,0.392252,-0.514843,0.973352,-2.0332,0.727539,0.34082,-68.854498,28.77881021,35.5961858,-279.188,-55.9375,693.75,0.283386,-0.132568,0.487488,0.815063
31123362637,0.173151,-0.613218,1.23439,-1.73438,0.691406,0.245605,-70.588878,29.47021621,35.8417908,-226.25,-93,688.625,0.241272,-0.19751,0.570984,0.759399
31123379006,-0.0569885,-0.664721,1.5225,-1.375,0.416504,0.115723,-71.963878,29.88672021,35.9575138,-168.062,-128.438,676.312,0.205505,-0.2547,0.645081,0.69043
31123401328,-0.273114,-0.68063,1.82146,-0.972656,0.23291,0.148438,-72.936534,30.11963021,36.1059518,-85.0625,-169.625,654.688,0.182556,-0.304138,0.709839,0.608459
31123430102,-0.459162,-0.662163,2.10446,-0.700684,0.325684,0.219727,-73.637218,30.44531421,36.3256788,-30.75,-190.25,612.312,0.168274,-0.343811,0.763123,0.52063
31123438884,-0.610333,-0.613183,2.35139,-0.747559,0.0185547,0.248535,-74.384777,30.46386891,36.5742138,-11.375,-181.312,555.375,0.155457,-0.375183,0.804321,0.433655
31123461385,-0.704883,-0.548174,2.55204,-0.681152,-0.414062,0.379883,-75.065929,30.04980691,36.9540968,47.625,-158.062,485,0.146545,-0.391785,0.837341,0.351868
31123489989,-0.74281,-0.480291,2.70584,-0.570801,-0.632812,0.362305,-75.63673,29.41699491,37.3164018,112.688,-117.688,405.375,0.140198,-0.39209,0.86499,0.279907
31123498961,-0.731638,-0.417457,2.8185,-0.66748,-0.563477,0.482422,-76.30421,28.85351791,37.7988238,174.438,-73.125,325.312,0.134705,-0.376526,0.889709,0.220093
31123521902,-0.699795,-0.36019,2.89965,-0.836914,-0.617188,0.641113,-77.141124,28.23632991,38.4399368,181.25,-31.1875,257.5,0.126343,-0.355103,0.910034,0.172485
31123543951,-0.665059,-0.315951,2.96311,-0.804199,-0.660645,0.817383,-77.945323,27.57568491,39.2573198,160.688,-24.4375,200.938,0.119385,-0.334351,0.92511,0.134338
31123566401,-0.631841,-0.287526,3.00648,-0.588867,-0.711426,1.02734,-78.53419,26.86425891,40.2846598,131.875,-19.5625,134.25,0.115112,-0.315979,0.935547,0.10791
31123581777,-0.59657,-0.271581,3.03053,-0.399414,-0.660645,1.00977,-78.933604,26.20361391,41.2944298,119.625,-10.9375,73.25,0.113037,-0.297913,0.943359,0.0922852
31123610361,-0.561099,-0.267666,3.03662,-0.0751953,-0.530762,1.0166,-79.0087993,25.67285191,42.3110298,104.75,-5.5,17,0.113647,-0.280762,0.949036,0.086853
31123628012,-0.521958,-0.272489,3.02345,0.11377,-0.476562,0.975586,-78.8950293,25.19628991,43.2866158,100.938,4.1875,-39.5625,0.115906,-0.262939,0.95343,0.0914917
31123641392,-0.477209,-0.282626,2.99373,0.166504,-0.338379,0.903809,-78.7285253,24.85791091,44.1904248,97,6.125,-87.4375,0.119202,-0.243469,0.956848,0.104248
31123671334,-0.437678,-0.301491,2.9551,0.228516,-0.155762,0.824219,-78.5000093,24.70214891,45.0146438,77.8125,-2.75,-118.062,0.125977,-0.227356,0.957825,0.122314
31123678202,-0.405551,-0.321235,2.91271,0.309082,-0.166016,0.902344,-78.1909273,24.53613291,45.9169878,51.5,-4.4375,-127.875,0.132935,-0.215393,0.956848,0.142395
31123714893,-0.370368,-0.338398,2.86863,0.336426,-0.148926,0.894531,-77.8545013,24.38720691,46.8115188,56.8125,-0.0625,-128.062,0.139282,-0.202332,0.955627,0.162537
31123724055,-0.331043,-0.354579,2.82451,0.353027,-0.0688477,0.865234,-77.5014743,24.31835921,47.6767528,66.125,-2.75,-126.062,0.146179,-0.187622,0.954041,0.181946
31123746863,-0.29568,-0.370576,2.78183,0.39209,-0.0654297,0.868652,-77.1093843,24.25292951,48.5454048,54.8125,-7.5,-121.438,0.153381,-0.175049,0.951599,0.200623
31123761380,-0.266874,-0.386,2.74117,0.441406,-0.0473633,0.879883,-76.6679783,24.20556621,49.4252878,36.8125,-11.375,-114.75,0.160339,-0.165771,0.948181,0.218445
31123783873,-0.240902,-0.39926,2.70166,0.509766,-0.0888672,0.908691,-76.1582123,24.11669901,50.3339788,28.875,-9,-109.375,0.166443,-0.157898,0.944336,0.235535
31123813813,-0.21509,-0.410311,2.66462,0.558105,-0.0966797,0.938477,-75.6001073,24.02001931,51.2724558,30.5625,-6.5625,-101.25,0.171997,-0.149963,0.940613,0.25116
31123821314,-0.187797,-0.422496,2.62903,0.606934,-0.0976562,0.930664,-74.9931733,23.92236311,52.2031198,31.8125,-4.125,-93.6875,0.178711,-0.141602,0.936646,0.265747
31123843905,-0.162264,-0.433421,2.59393,0.670898,-0.0854492,0.896973,-74.3222753,23.83691391,53.1000928,27.9375,1.125,-91,0.184937,-0.134155,0.932373,0.279968
31123858225,-0.138029,-0.441606,2.5584,0.671387,-0.0874023,0.872559,-73.6508883,23.74951161,53.9726518,24.375,6.6875,-91.25,0.189941,-0.127258,0.927917,0.29425
31123888823,-0.114464,-0.44677,2.52333,0.65918,-0.0961914,0.868652,-72.9917083,23.65332021,54.8413038,24.25,11.8125,-90.25,0.193726,-0.120422,0.923523,0.308228
31123903974,-0.0905501,-0.450005,2.4885,0.613281,-0.0859375,0.873047,-72.3784273,23.56738271,55.7143508,25.6875,12.0625,-89.3125,0.19696,-0.113281,0.919067,0.321899
31123918066,-0.0681387,-0.452022,2.45453,0.591797,-0.0576172,0.861328,-71.7866303,23.50976551,56.5756788,21.9375,11.8125,-86.9375,0.199707,-0.106689,0.91449,0.335205
31123941418,-0.0451637,-0.453236,2.42088,0.57666,-0.0341797,0.814453,-71.2099703,23.47558581,57.3901318,23.6875,12.8125,-86.1875,0.202454,-0.0997925,0.90979,0.348206
31123963892,-0.0209455,-0.452612,2.38681,0.489746,0.0234375,0.772461,-70.7202243,23.49902331,58.1625928,24.1875,11.9375,-86,0.204834,-0.0921631,0.904968,0.361206
31123978114,0.0018008,-0.450778,2.35375,0.446777,0.0366211,0.740723,-70.2734473,23.53564441,58.9033158,21.75,11.5625,-84.3125,0.206726,-0.0849609,0.900085,0.37384
31124001320,0.0267177,-0.448967,2.32038,0.413574,0.0673828,0.730469,-69.8598733,23.60302721,59.6337848,26.5,8,-84.6875,0.20929,-0.0769043,0.894958,0.386353
31124023959,0.0539362,-0.44691,2.28754,0.392578,0.0800781,0.722656,-69.4672953,23.68310531,60.3564408,34.625,5.0625,-84.125,0.212524,-0.0678101,0.889709,0.398254
31124038130,0.0832841,-0.445347,2.25477,0.388672,0.128418,0.722656,-69.0786233,23.81152331,61.0790968,39.375,1.4375,-82.8125,0.216736,-0.0579834,0.884155,0.409729
31124061388,0.112522,-0.444108,2.22323,0.406738,0.140625,0.720703,-68.6718853,23.95214831,61.7997998,41.1875,-0.5,-80.1875,0.221436,-0.0482788,0.878479,0.420471
31124083936,0.142756,-0.442493,2.19225,0.404785,0.163086,0.709961,-68.2671003,24.11523431,62.5097608,44.6875,-1.5625,-78.9375,0.226501,-0.038147,0.872681,0.430786
31124105081,0.173316,-0.440068,2.16241,0.418457,0.197266,0.738281,-67.8486433,24.31250031,63.2480418,46.9375,-1.125,-76.3125,0.231628,-0.02771,0.866882,0.440491
31124121386,0.204491,-0.437398,2.13418,0.466309,0.208984,0.757324,-67.3823343,24.52148431,64.0053658,51.6875,0.375,-73,0.237122,-0.0169067,0.861145,0.44928
31124143812,0.236635,-0.434622,2.10755,0.483398,0.230957,0.769531,-66.8989363,24.75244131,64.7748968,57.125,-0.1875,-69.25,0.243103,-0.00561523,0.855469,0.457092
31124164980,0.267519,-0.432335,2.08359,0.526367,0.260254,0.805664,-66.3725693,25.01269531,65.5805608,57.1875,-0.5625,-63.0625,0.249268,0.00518799,0.850098,0.463745
31124181382,0.297761,-0.430936,2.06191,0.547363,0.288086,0.807617,-65.8252063,25.30078131,66.3881778,58.4375,-2.1875,-57.25,0.255859,0.015625,0.844971,0.469299
31124204038,0.327502,-0.430119,2.04214,0.570801,0.361816,0.828613,-65.2544053,25.66259731,67.2167908,56.625,-3.5,-50.5,0.262756,0.0258179,0.840027,0.473816
31124224931,0.356155,-0.429954,2.02415,0.596191,0.421387,0.850586,-64.6582143,26.08398431,68.0673768,54.375,-4.4375,-45.375,0.269775,0.0354614,0.835327,0.4776
31124241366,0.383915,-0.429578,2.00756,0.571777,0.467773,0.88623,-64.0864373,26.55175731,68.9536068,53,-6.375,-40.8125,0.276611,0.0448608,0.830811,0.480774
31124263860,0.408517,-0.428458,1.993,0.535645,0.473633,0.916016,-63.5507923,27.02539031,69.8696228,48.9375,-7.125,-35.6875,0.282471,0.0533447,0.826721,0.483459
31124285174,0.430947,-0.428666,1.98078,0.54834,0.498047,0.919434,-63.0024523,27.52343731,70.7890568,45.125,-8.4375,-28.875,0.28833,0.060791,0.82312,0.485291
31124301370,0.449635,-0.430297,1.9706,0.553711,0.520508,0.936523,-62.4487413,28.04394531,71.7255798,37.5625,-11.0625,-22.0625,0.293823,0.0665283,0.820007,0.486511
31124324007,0.464694,-0.432912,1.96245,0.554688,0.51123,0.939453,-61.8940533,28.55517531,72.6650328,30.9375,-12.25,-16.75,0.298767,0.0707397,0.817444,0.487244
31124345159,0.47813,-0.436054,1.95595,0.555176,0.525879,0.921875,-61.3388773,29.08105431,73.5869078,27.8125,-11.8125,-11.625,0.303467,0.0743408,0.815308,0.487427
31124361378,0.489987,-0.439471,1.95034,0.544434,0.547363,0.901367,-60.7944433,29.62841731,74.4882748,23.5,-11.75,-8.25,0.307861,0.0773315,0.813416,0.487366
31124383958,0.4998,-0.442398,1.94586,0.51416,0.550781,0.88916,-60.2802833,30.17919831,75.3774348,18.5625,-10.9375,-5.4375,0.311523,0.0797729,0.81189,0.487244
31124404955,0.507782,-0.444456,1.94244,0.501953,0.537109,0.875,-59.7783303,30.71630731,76.2524348,16.1875,-8.1875,-3.6875,0.314392,0.0819092,0.810669,0.486938
31124421378,0.514297,-0.446048,1.94035,0.491211,0.548828,0.861328,-59.2871193,31.26513531,77.1137628,12.4375,-5.625,-1.5,0.31665,0.0837402,0.809875,0.486572
31124443788,0.519017,-0.447427,1.93927,0.482422,0.538574,0.844727,-58.8046973,31.80370931,77.9584898,8.9375,-4,0.6875,0.318359,0.085083,0.809387,0.486023
31124464990,0.52228,-0.448993,1.93874,0.478027,0.530762,0.833984,-58.3266703,32.33447131,78.7924738,6.125,-3.8125,2.1875,0.319763,0.0858765,0.809082,0.485413
31124481547,0.524676,-0.451373,1.93886,0.484863,0.520996,0.809082,-57.8418073,32.85546731,79.6015558,4.25,-3.9375,4.4375,0.321228,0.0861816,0.80896,0.484558
31124505199,0.526331,-0.454197,1.93984,0.482422,0.499023,0.786133,-57.3593853,33.35449031,80.3876888,3.125,-3.6875,6.25,0.322632,0.0861816,0.809082,0.483459
31124524898,0.527307,-0.45699,1.94095,0.464844,0.50293,0.767578,-56.8945413,33.85742031,81.1552668,1.3125,-4.125,7.125,0.323853,0.0859375,0.809265,0.482422
31124541295,0.527426,-0.459047,1.94242,0.447266,0.493652,0.774414,-56.4472753,34.35107231,81.9296808,-0.1875,-3,7.3125,0.324585,0.0856323,0.80957,0.481445
31124563769,0.527981,-0.460479,1.94363,0.431641,0.487305,0.758789,-56.0156343,34.83837731,82.6884698,0.5625,-2.4375,6.25,0.325195,0.0856323,0.809814,0.480652
31124584911,0.528862,-0.461953,1.94412,0.429688,0.490723,0.73877,-55.5859463,35.32910031,83.4272398,-0.375,-2.5625,4.9375,0.325928,0.0856323,0.809875,0.480103
31124601251,0.528884,-0.463114,1.94453,0.431641,0.475586,0.734375,-55.1543053,35.80468631,84.1616148,-1.5625,-2.1875,3.875,0.326355,0.0853882,0.809937,0.479675
31124623912,0.529039,-0.463713,1.94485,0.42334,0.470215,0.736816,-54.7309653,36.27490131,84.8984308,-1.5625,-1.1875,2.9375,0.326599,0.0853271,0.809998,0.479431
31124646382,0.52959,-0.463886,1.94525,0.421875,0.476074,0.713379,-54.3090903,36.75097531,85.6118098,-0.9375,0.4375,2.875,0.326782,0.0855713,0.810059,0.479126
31124661494,0.530457,-0.464039,1.94565,0.42334,0.482422,0.710449,-53.8857503,37.23339731,86.3222588,-0.8125,0.75,2.6875,0.327026,0.0859375,0.81012,0.478821
31124684095,0.531041,-0.464377,1.94599,0.433105,0.471191,0.714355,-53.4526453,37.70458831,87.0366138,-0.8125,0.5,2.1875,0.327271,0.0861206,0.810181,0.478577
31124706348,0.532115,-0.464782,1.94579,0.440918,0.473145,0.723633,-53.0117273,38.17773331,87.7602468,0.6875,0,1.3125,0.327698,0.0864258,0.810059,0.478333
31124721387,0.533613,-0.465103,1.94559,0.446777,0.466797,0.719727,-52.5649503,38.64453031,88.4799738,1.625,0.1875,0.4375,0.328186,0.0869141,0.809937,0.478088
31124743844,0.535055,-0.465947,1.9451,0.457031,0.471191,0.726074,-52.1079193,39.11572131,89.2060478,1.125,-0.9375,0.375,0.328857,0.0871582,0.809753,0.477966
31124766412,0.53608,-0.466702,1.94461,0.44873,0.462891,0.720703,-51.6591893,39.57861231,89.9267508,0.5,-1.1875,0.375,0.329407,0.0872803,0.80957,0.477844
31124780711,0.537487,-0.467558,1.94416,0.45166,0.468262,0.723633,-51.2075293,40.04687431,90.6503838,1.375,-1.0625,0.375,0.330078,0.0875244,0.809387,0.477661
31124803852,0.537697,-0.467604,1.94416,0.449707,0.467285,0.727051,-50.7578223,40.51415931,91.3774348,0.875,-0.4375,0.75,0.330139,0.0875854,0.809387,0.477661
31124826379,0.538746,-0.468067,1.94418,0.443848,0.46875,0.730957,-50.3139743,40.98290931,92.1083918,1.4375,-0.1875,1.5,0.330566,0.0878906,0.809326,0.477356
31124840572,0.53988,-0.468346,1.94444,0.445312,0.471191,0.733398,-49.8686623,41.45410031,92.8417898,1.625,0.0625,1.5625,0.330933,0.0883179,0.809326,0.47699
31124863914,0.540984,-0.468668,1.94461,0.446289,0.470215,0.742188,-49.4223733,41.92431531,93.5839778,2.125,-0.125,1.0625,0.331299,0.0886841,0.809326,0.476746
31124886349,0.542142,-0.46905,1.94432,0.444336,0.474121,0.742188,-48.9780373,42.39843631,94.3261658,1.1875,-1.0625,0.6875,0.331726,0.0889893,0.809204,0.476624
31124900655,0.542962,-0.469759,1.94383,0.445801,0.46875,0.737305,-48.5322363,42.86718631,95.0634708,0.6875,-1.8125,0.625,0.332214,0.0890503,0.809021,0.476501
31124923833,0.544239,-0.470723,1.94328,0.441895,0.472168,0.726562,-48.0903413,43.33935431,95.7900328,0.875,-2.6875,0.5625,0.332886,0.0891724,0.808838,0.47644
31124946521,0.545194,-0.471484,1.94256,0.442871,0.476074,0.737305,-47.6474703,43.81542831,96.5273378,0.375,-2.9375,0.375,0.333435,0.0892334,0.808594,0.476379
31124960614,0.546385,-0.472409,1.9416,0.445801,0.475586,0.730957,-47.2016693,44.29101431,97.2582948,0.75,-3,0.125,0.334106,0.0892944,0.808289,0.476379
31124983837,0.547926,-0.473255,1.94043,0.449707,0.474121,0.729004,-46.7519623,44.76513531,97.9872988,1.375,-2.875,-0.4375,0.334839,0.0894775,0.807922,0.47644
31125006300,0.549444,-0.473983,1.93949,0.453613,0.482422,0.741699,-46.2983493,45.24755731,98.7289978,1.125,-2.5625,-0.5625,0.33551,0.0897217,0.807617,0.47644
31125020777,0.550358,-0.474296,1.93862,0.455078,0.471191,0.744141,-45.8432713,45.71874831,99.4731388,0.75,-1.875,-1.375,0.335876,0.0898438,0.807373,0.476624
31125043928,0.551146,-0.474186,1.9377,0.447266,0.473145,0.744629,-45.3960053,46.19189331,100.2177678,-0.0625,-0.875,-1.6875,0.33606,0.0900269,0.807129,0.476929
31125066381,0.55196,-0.47421,1.93685,0.463379,0.477539,0.742676,-44.9326263,46.66943231,100.9604438,0.125,-0.5,-1.5625,0.336304,0.09021,0.806885,0.477112
31125080704,0.552907,-0.474305,1.93608,0.462891,0.478027,0.748047,-44.4697353,47.14745931,101.7084908,1,-0.6875,-1.1875,0.336609,0.0904541,0.806641,0.477173
31125104115,0.553794,-0.474675,1.93544,0.453613,0.478027,0.748047,-44.0161223,47.62548631,102.4565378,0.75,-1.625,-0.75,0.336975,0.0905762,0.806458,0.477295
31125126354,0.553979,-0.47498,1.93505,0.452637,0.474609,0.756836,-43.5634853,48.10009531,103.2133738,0,-1.6875,0.4375,0.337158,0.0905151,0.806335,0.477295
31125147544,0.554061,-0.475767,1.93513,0.45166,0.47168,0.748535,-43.1118253,48.57177531,103.9619088,-0.125,-1.875,1.4375,0.337463,0.090332,0.806335,0.477112
31125163867,0.554092,-0.476301,1.93536,0.441895,0.474609,0.751465,-42.6699303,49.04638431,104.7133738,-0.6875,-1.75,1.875,0.337646,0.09021,0.806396,0.47699
31125186387,0.553637,-0.476446,1.93557,0.435059,0.467773,0.746582,-42.2348713,49.51415731,105.4599558,-1.375,-1.0625,1.5,0.337585,0.0900269,0.806458,0.476929
31125207442,0.552879,-0.476287,1.93567,0.439453,0.473633,0.742676,-41.7954183,49.98779031,106.2026318,-2.8125,-0.0625,0.875,0.337341,0.0897827,0.806519,0.477051
31125224004,0.551914,-0.475906,1.93577,0.444336,0.469727,0.746582,-41.3510823,50.45751731,106.9492138,-2.75,0.5625,0.3125,0.336975,0.0895386,0.80658,0.477173
31125246382,0.551748,-0.475478,1.93544,0.447754,0.480957,0.735352,-40.9033283,50.93847431,107.6845658,-2.4375,0.75,-0.5,0.336792,0.0895386,0.806519,0.477417
31125267609,0.551927,-0.475148,1.93489,0.447266,0.48291,0.729492,-40.4560623,51.42138431,108.4140578,-2.25,0.375,-1.1875,0.336731,0.0895996,0.806396,0.477722
31125284081,0.552095,-0.474771,1.93415,0.444336,0.473145,0.730957,-40.0117263,51.89452931,109.1450148,-1.6875,0,-1.375,0.33667,0.0896606,0.806213,0.478027
31125306481,0.552231,-0.47463,1.93363,0.444336,0.469238,0.730469,-39.5673903,52.36376731,109.8754838,-1.375,-0.125,-0.9375,0.33667,0.0896606,0.806091,0.478271
31125327492,0.552338,-0.474564,1.93363,0.437988,0.459961,0.735352,-39.1294023,52.82372831,110.6108358,-0.875,0.0625,-0.625,0.33667,0.0897217,0.806091,0.478271
31125343949,0.552338,-0.474564,1.93363,0.443848,0.455078,0.734375,-38.6855543,53.27880631,111.3452108,-0.1875,-0.0625,-0.5,0.33667,0.0897217,0.806091,0.478271
31125366316,0.552338,-0.474564,1.93363,0.437988,0.455566,0.749023,-38.2475663,53.73437231,112.0942338,0.125,0.375,-0.1875,0.33667,0.0897217,0.806091,0.478271
31125387552,0.552234,-0.474453,1.93364,0.437988,0.453125,0.747559,-37.8095783,54.18749731,112.8417928,-0.625,0.4375,0,0.336609,0.0897217,0.806091,0.478271
31125403956,0.552234,-0.474453,1.93364,0.445801,0.461914,0.741211,-37.3637773,54.64941131,113.5830038,-0.6875,0.5625,0.25,0.336609,0.0897217,0.806091,0.478271
31125426376,0.552341,-0.474388,1.93365,0.445312,0.464355,0.745117,-36.9184653,55.11376631,114.3281208,0,0.3125,0.125,0.336609,0.0897827,0.806091,0.478271
31125447366,0.552341,-0.474388,1.93365,0.443848,0.45752,0.742188,-36.4746173,55.57128631,115.0703088,-0.4375,-0.0625,0.5,0.336609,0.0897827,0.806091,0.478271
31125463855,0.552341,-0.474388,1.93365,0.450195,0.459961,0.745605,-36.0244223,56.03124731,115.8159138,-0.4375,-0.1875,0.9375,0.336609,0.0897827,0.806091,0.478271
31125486322,0.552423,-0.475175,1.93372,0.459961,0.466309,0.731934,-35.5644613,56.49755631,116.5478478,-0.375,-0.625,1.375,0.336914,0.0895996,0.806091,0.478088
31125507421,0.552352,-0.475422,1.93397,0.440918,0.461914,0.739746,-35.1235433,56.95947031,117.2875938,-0.25,-0.9375,1.125,0.336975,0.0895386,0.806152,0.477966
31125523978,0.552483,-0.475668,1.93404,0.436035,0.460938,0.731934,-34.6875083,57.42040831,118.0195278,-0.0625,-0.875,1.375,0.337097,0.0895386,0.806152,0.477844
31125546383,0.55272,-0.475848,1.93412,0.439453,0.466797,0.744141,-34.2480553,57.88720531,118.7636688,0.5625,-0.9375,1,0.337219,0.0895996,0.806152,0.477722
31125568996,0.552827,-0.475783,1.93413,0.442383,0.467285,0.737305,-33.8056723,58.35449031,119.5009738,0.8125,-0.9375,0.75,0.337219,0.0896606,0.806152,0.477722
31125584051,0.553367,-0.476249,1.93401,0.449219,0.465332,0.734863,-33.3564533,58.81982231,120.2358368,0.6875,-1.1875,0.6875,0.337524,0.0897217,0.806091,0.4776
31125606319,0.553707,-0.476717,1.93407,0.446289,0.458008,0.739258,-32.9101643,59.27783031,120.9750948,0.875,-1.25,0.75,0.337769,0.0897217,0.806091,0.477478
31125628754,0.554292,-0.476818,1.93393,0.437988,0.459961,0.733887,-32.4721763,59.73779131,121.7089818,1.0625,-0.6875,0.5625,0.337952,0.0899048,0.80603,0.477417
31125643756,0.555029,-0.476507,1.93409,0.441406,0.466797,0.731934,-32.0307703,60.20458831,122.4409158,1.5625,0.6875,0.4375,0.338013,0.090332,0.80603,0.477234
31125666296,0.555747,-0.476301,1.93466,0.458984,0.478516,0.74707,-31.5717863,60.68310431,123.1879858,1.9375,1.5,0.8125,0.338074,0.0907593,0.806152,0.47699
31125688834,0.55622,-0.475693,1.93498,0.45459,0.481445,0.754883,-31.1171963,61.16454931,123.9428688,1.125,1.625,0.5625,0.337952,0.0911865,0.806213,0.476868
31125703355,0.555907,-0.474984,1.93561,0.445312,0.467773,0.755859,-30.6718843,61.63232231,124.6987278,0.0625,1.8125,0.5625,0.337585,0.0913696,0.806396,0.476807
31125726564,0.555965,-0.474508,1.9361,0.450195,0.474609,0.747559,-30.2216893,62.10693131,125.4462868,0.25,1.75,0.5,0.337402,0.0916138,0.806519,0.476685
31125748785,0.555439,-0.47393,1.93672,0.446777,0.465332,0.75293,-29.7749123,62.57226331,126.1992168,-0.6875,1.875,0.6875,0.337036,0.0916748,0.806702,0.476624
31125763116,0.554914,-0.473352,1.93735,0.438477,0.466797,0.748535,-29.3364353,63.03906031,126.9477518,-0.9375,1.5,0.9375,0.33667,0.0917358,0.806885,0.476562
31125786359,0.554002,-0.472846,1.93791,0.43457,0.463867,0.746094,-28.9018653,63.50292731,127.6938458,-1.9375,1.0625,1,0.336243,0.0916138,0.807068,0.476562
31125809034,0.553568,-0.472508,1.93834,0.437988,0.461914,0.737793,-28.4638773,63.96484131,128.4316388,-0.875,1,0.875,0.335999,0.0916138,0.80719,0.476501
31125823132,0.553769,-0.472507,1.93816,0.444336,0.469238,0.735352,-28.0195413,64.43407931,129.1669908,-0.1875,0.75,0.8125,0.33606,0.0916748,0.807129,0.476501
31125846420,0.553769,-0.472507,1.93816,0.445312,0.467773,0.738281,-27.5742293,64.90185231,129.9052718,-0.9375,0.375,0.5625,0.33606,0.0916748,0.807129,0.476501
31125868913,0.553876,-0.472442,1.93817,0.444824,0.467285,0.746094,-27.1294053,65.36913731,130.6513658,-0.5,0.5625,0.5,0.33606,0.0917358,0.807129,0.476501
31125883136,0.553876,-0.472442,1.93817,0.446289,0.474609,0.737793,-26.6831163,65.84374631,131.3891588,-0.5625,0.75,0.5625,0.33606,0.0917358,0.807129,0.476501
31125906371,0.553939,-0.471772,1.93835,0.433105,0.468262,0.746094,-26.2500113,66.31200831,132.1352528,-0.25,1.0625,0.1875,0.335815,0.09198,0.80719,0.476562
31125928885,0.553835,-0.471661,1.93836,0.428711,0.462891,0.748047,-25.8213003,66.77489931,132.8832998,-0.125,0.8125,0.25,0.335754,0.09198,0.80719,0.476562
31125943209,0.553835,-0.471661,1.93836,0.443359,0.467773,0.74707,-25.3779413,67.24267231,133.6303698,0.0625,0.625,0.4375,0.335754,0.09198,0.80719,0.476562
31125966340,0.553943,-0.471596,1.93837,0.449219,0.470703,0.753418,-24.9287223,67.71337531,134.3837878,-0.3125,0.75,0.25,0.335754,0.092041,0.80719,0.476562
31125988831,0.553484,-0.471122,1.93871,0.441895,0.463867,0.755371,-24.4868273,68.17724231,135.1391588,-0.6875,1.125,0.125,0.335449,0.092041,0.807312,0.476624
31126003098,0.553118,-0.470713,1.93888,0.440918,0.464844,0.752441,-24.0459093,68.64208631,135.8915998,-1.0625,0.75,0,0.335205,0.092041,0.807373,0.476685
31126026360,0.552405,-0.470364,1.93894,0.433105,0.458984,0.752441,-23.6128043,69.10107031,136.6440408,-2,0.0625,0,0.3349,0.0918579,0.807434,0.476868
31126048945,0.551532,-0.470223,1.93885,0.439453,0.460449,0.754395,-23.1733513,69.56151931,137.3984358,-1.875,-0.25,0.125,0.334656,0.0915527,0.807434,0.47699
31126070108,0.550955,-0.469751,1.93869,0.429688,0.462402,0.748535,-22.7436633,70.02392131,138.1469708,-2.125,-0.25,-0.5,0.334351,0.0914307,0.807434,0.477234
31126086296,0.5501,-0.469287,1.9385,0.427734,0.457031,0.750488,-22.3159293,70.48095231,138.8974588,-2.4375,-0.0625,-0.625,0.333984,0.0911865,0.807434,0.477539
31126108901,0.549559,-0.468979,1.93829,0.432617,0.457031,0.742676,-21.8833123,70.93798331,139.6401348,-2.5,0,-0.9375,0.33374,0.0910034,0.807434,0.477844
31126130110,0.548943,-0.468502,1.93788,0.429199,0.450195,0.736816,-21.4541133,71.38817831,140.3769508,-2.25,0.25,-1.4375,0.333435,0.0908203,0.807373,0.47821
31126146422,0.548595,-0.467973,1.93732,0.431641,0.450684,0.735352,-21.0224723,71.83886231,141.1123028,-1.5625,0.3125,-1.375,0.333191,0.0907593,0.807251,0.478516
31126169380,0.548566,-0.467423,1.93678,0.432129,0.462402,0.746582,-20.5903433,72.30126431,141.8588848,-0.9375,0.125,-1.4375,0.333008,0.0908203,0.807129,0.478821
31126189985,0.548811,-0.467041,1.93627,0.44043,0.465332,0.741699,-20.1499133,72.76659631,142.6005838,-0.75,0.3125,-1.625,0.332947,0.0909424,0.807007,0.479065
31126206352,0.549009,-0.467023,1.93579,0.45166,0.460938,0.742188,-19.6982533,73.22753431,143.3427718,-0.5625,0.125,-1.5,0.333008,0.0909424,0.806885,0.479248
31126229009,0.549482,-0.466582,1.93488,0.437012,0.464355,0.746094,-19.2612413,73.69188931,144.0888658,-0.1875,-0.5625,-1.875,0.333008,0.0911255,0.806641,0.479553
31126249927,0.54963,-0.466311,1.93455,0.435547,0.461426,0.759277,-18.8256943,74.15331531,144.8481428,0.0625,-0.3125,-1.3125,0.332947,0.0911865,0.80658,0.479797
31126266392,0.549634,-0.466135,1.93456,0.444824,0.470215,0.768555,-18.3808703,74.62353031,145.6166978,-0.1875,-0.3125,-0.9375,0.332886,0.0912476,0.80658,0.479797
31126288746,0.549527,-0.466201,1.93456,0.450195,0.458496,0.762695,-17.9306753,75.08202631,146.3793928,-0.875,-0.4375,-0.6875,0.332886,0.0911865,0.80658,0.479797
31126309879,0.549634,-0.466135,1.93456,0.440918,0.474121,0.768066,-17.4897573,75.55614731,147.1474588,-0.875,-0.75,-0.75,0.332886,0.0912476,0.80658,0.479797
31126326320,0.549014,-0.465836,1.93413,0.429199,0.467285,0.771484,-17.0605583,76.02343231,147.9189428,-2.0625,-1,-0.75,0.332642,0.0910034,0.806519,0.480164
31126348809,0.54898,-0.465463,1.93358,0.432129,0.478027,0.759766,-16.6284293,76.50145931,148.6787088,-1.6875,-0.75,-0.875,0.33252,0.0910034,0.806396,0.480469
31126370028,0.548115,-0.464957,1.9332,0.437012,0.462891,0.768066,-16.1914173,76.96435031,149.4467748,-2.3125,0,-1.0625,0.332153,0.0907593,0.806335,0.480774
31126386311,0.547372,-0.464256,1.93302,0.439941,0.475098,0.773438,-15.7514763,77.43944831,150.2202128,-2.625,0.5,-0.875,0.331726,0.0906372,0.806335,0.481079
31126408829,0.546323,-0.463622,1.93302,0.435059,0.471191,0.773438,-15.3164173,77.91063931,150.9936508,-3.3125,0.4375,-0.625,0.331238,0.0903931,0.806396,0.481384
31126429980,0.54489,-0.463063,1.93296,0.428711,0.462891,0.763672,-14.8877063,78.37353031,151.7573228,-4.1875,0.625,-0.375,0.330688,0.0899658,0.806458,0.48175
31126446475,0.543359,-0.462218,1.93291,0.42041,0.469727,0.771973,-14.4672963,78.84325731,152.5292958,-4.375,0.4375,-0.0625,0.330017,0.0895996,0.806519,0.482117
31126468999,0.541996,-0.461607,1.9329,0.424805,0.464844,0.759766,-14.0424913,79.30810131,153.2890618,-4.3125,0.5,-0.25,0.329468,0.0892334,0.80658,0.482422
31126490085,0.540712,-0.460972,1.9328,0.418945,0.461914,0.760742,-13.6235463,79.77001531,154.0498038,-4.4375,0.3125,-0.375,0.328918,0.0888672,0.806641,0.482849
31126506488,0.539283,-0.460416,1.93274,0.416992,0.463379,0.760254,-13.2065543,80.23339431,154.8100578,-4.6875,0.0625,-0.3125,0.328369,0.0884399,0.806702,0.483215
31126529011,0.537879,-0.45998,1.93245,0.42041,0.45752,0.754395,-12.7861443,80.69091431,155.5644528,-4.875,-0.375,-0.5625,0.327881,0.0879517,0.806702,0.483643
31126551339,0.536604,-0.459788,1.93223,0.421875,0.441895,0.741211,-12.3642693,81.13280931,156.3056638,-3.875,0,-0.5,0.327515,0.0874634,0.806702,0.483948
31126566380,0.535408,-0.459587,1.93224,0.428223,0.443359,0.746582,-11.9360463,81.57616831,157.0522458,-3.6875,0.5,-0.1875,0.327148,0.0870361,0.806763,0.484192
31126589043,0.53415,-0.459279,1.93252,0.430176,0.448242,0.74707,-11.5058703,82.02441031,157.7993158,-3.5625,0.875,0.3125,0.326721,0.0866699,0.806885,0.484314
31126611376,0.533082,-0.459322,1.93259,0.440918,0.444336,0.742676,-11.0649523,82.46874631,158.5419918,-3.0625,1,0.125,0.326477,0.0862427,0.806946,0.484436
31126626335,0.532548,-0.459035,1.9327,0.435059,0.451172,0.751953,-10.6298933,82.91991831,159.2939448,-2.125,0.75,-0.4375,0.326233,0.0861206,0.807007,0.484558
31126648962,0.532453,-0.45856,1.93242,0.425781,0.453613,0.756348,-10.2041123,83.37353131,160.0502928,-1.0625,0.5625,-0.625,0.32605,0.0861816,0.806946,0.484741
31126677510,0.53261,-0.457941,1.93212,0.419434,0.449219,0.755371,-9.7846783,83.82275031,160.8056638,-0.375,0.4375,-1.1875,0.325867,0.0863647,0.806885,0.484985
31126685654,0.532406,-0.457722,1.93212,0.407715,0.4375,0.769531,-9.3769633,84.26025031,161.5751948,-0.5,0.6875,-1,0.325745,0.0863647,0.806885,0.484985
31126708848,0.531802,-0.456477,1.93217,0.407715,0.437988,0.769531,-8.9692483,84.69823831,162.3447258,-1,1.3125,-1.25,0.325134,0.0864868,0.806946,0.485291
31126731847,0.5314,-0.455044,1.93173,0.412598,0.44043,0.763672,-8.5566503,85.13866831,163.1083978,-1.3125,1.8125,-2.4375,0.324524,0.0866699,0.806885,0.485779
31126745703,0.531068,-0.453368,1.93106,0.407715,0.439453,0.764648,-8.1489353,85.57812131,163.8730458,-1.25,2,-3.8125,0.323853,0.0869141,0.806763,0.486389
31126768867,0.531084,-0.451251,1.92989,0.398438,0.432617,0.759766,-7.7504973,86.01073831,164.6328118,-0.8125,2.1875,-5.1875,0.32312,0.0873413,0.806519,0.487244
31126791527,0.530984,-0.448969,1.92824,0.39209,0.431152,0.765625,-7.3584073,86.44189031,165.3984368,-1.375,1.625,-6.1875,0.322327,0.0877075,0.806152,0.488281
31126805669,0.531091,-0.446543,1.92631,0.384766,0.43457,0.759766,-6.9736413,86.87646031,166.1582028,-1.6875,1.125,-7.25,0.321533,0.0881348,0.805725,0.489502
31126828860,0.531112,-0.443724,1.9237,0.376465,0.434082,0.769531,-6.5971763,87.31054231,166.9277338,-2.1875,0.8125,-8.875,0.320618,0.088562,0.805115,0.490967
31126851354,0.531554,-0.440882,1.92042,0.379395,0.437012,0.765137,-6.2177813,87.74755431,167.6928708,-2,0.625,-10.5,0.319824,0.0890503,0.804321,0.492676
31126865856,0.532631,-0.437706,1.91648,0.378418,0.446777,0.765137,-5.8393633,88.19433131,168.4580078,-1.5625,0.5625,-12.625,0.319092,0.0897827,0.803345,0.494629
31126889000,0.534116,-0.434287,1.91171,0.371582,0.443359,0.750977,-5.4677813,88.63769031,169.2089848,-1.5,0.3125,-14.1875,0.31842,0.0906372,0.802124,0.496826
31126911363,0.535663,-0.430843,1.9069,0.378906,0.445312,0.759766,-5.0888753,89.08300231,169.9687508,-1.375,0.625,-15.375,0.317749,0.0914917,0.800903,0.499146
31126925722,0.537847,-0.427325,1.90134,0.384277,0.467773,0.759277,-4.7045983,89.55077531,170.7280278,-1.0625,0.25,-16.6875,0.317261,0.0925293,0.799438,0.501587
31126948905,0.539898,-0.423643,1.89534,0.382812,0.465332,0.763672,-4.3217863,90.01610731,171.4916998,-1.4375,-0.125,-17.875,0.316711,0.0935059,0.797852,0.504211
31126971375,0.542304,-0.420037,1.88915,0.385254,0.470215,0.768555,-3.9365323,90.48632231,172.2602548,-1.3125,-0.3125,-18.625,0.316284,0.0945435,0.796204,0.506958
31126992486,0.544816,-0.416449,1.88288,0.390625,0.475098,0.767578,-3.5459073,90.96142031,173.0278328,-0.125,-0.0625,-18.625,0.315918,0.0956421,0.794495,0.509583
31127008798,0.547685,-0.413292,1.87668,0.395508,0.47998,0.772949,-3.1503993,91.44140031,173.8007818,0.25,-0.8125,-18.3125,0.315796,0.0967407,0.792786,0.512146
31127031370,0.549707,-0.410786,1.8711,0.398438,0.472168,0.776367,-2.7519613,91.91356831,174.5771488,-0.375,-1.5,-16.8125,0.315674,0.0974121,0.79126,0.514465
31127052533,0.551453,-0.408829,1.86573,0.401855,0.46875,0.776367,-2.3501063,92.38231831,175.3535158,-0.875,-2.25,-15.375,0.315674,0.0978394,0.789795,0.516663
31127068840,0.552935,-0.407262,1.86087,0.403809,0.466309,0.785645,-1.9462973,92.84862731,176.1391608,-0.1875,-2.75,-13.875,0.315735,0.0981445,0.788452,0.518555
31127091322,0.554319,-0.40647,1.85622,0.408691,0.469727,0.774902,-1.5376063,93.31835431,176.9140628,-0.5625,-3.5,-12.1875,0.31604,0.0982056,0.78717,0.520264
31127112438,0.555487,-0.406085,1.85194,0.407227,0.473145,0.781738,-1.1303793,93.79149931,177.6958008,-1.1875,-4.625,-11.125,0.316406,0.0980835,0.786011,0.521912
31127128939,0.556374,-0.406344,1.84746,0.407227,0.472168,0.777832,-0.7231523,94.26366731,178.4736328,-1.5625,-5.9375,-10.25,0.316956,0.0976562,0.78479,0.523438
31127151463,0.557115,-0.406782,1.8434,0.397461,0.467773,0.776855,-0.3256913,94.73144031,179.2504878,-1.9375,-6.8125,-9.1875,0.317505,0.097168,0.783691,0.524841
31127172333,0.5578,-0.407943,1.83933,0.400879,0.46875,0.767578,0.0751877,95.20019031,180.0180658,-2.125,-7.75,-7.9375,0.318298,0.0964355,0.782593,0.526123
31127188833,0.558566,-0.409396,1.83528,0.404297,0.480469,0.765137,0.4794847,95.68065931,180.7832028,-2.4375,-8.4375,-7.125,0.319214,0.0956421,0.781494,0.527344
31127211335,0.559044,-0.410754,1.8314,0.396973,0.477051,0.765625,0.8764577,96.15771031,181.5488278,-2.875,-8.5625,-6.75,0.320007,0.0947876,0.780457,0.528564
31127232371,0.559901,-0.411845,1.82762,0.396484,0.483398,0.764648,1.2729417,96.64110831,182.3134758,-2.375,-7.75,-6.875,0.320801,0.0941772,0.779419,0.529724
31127248797,0.56086,-0.412516,1.82388,0.393066,0.486816,0.759766,1.6660077,97.12792431,183.0732418,-1.75,-7.0625,-6.75,0.321472,0.09375,0.778381,0.530884
31127271339,0.561737,-0.413309,1.82059,0.398438,0.481934,0.756836,2.0644457,97.60985831,183.8300778,-1.5625,-6.125,-6.1875,0.322144,0.0933228,0.777466,0.53186
31127292589,0.562462,-0.413803,1.81794,0.39502,0.478027,0.762207,2.4594657,98.08788531,184.5922848,-1.0625,-4.9375,-5.3125,0.322632,0.0930176,0.776733,0.532715
31127308983,0.562787,-0.413969,1.81567,0.393066,0.480957,0.765625,2.8525317,98.56884231,185.3579098,-1.8125,-4.125,-4.8125,0.322876,0.0927124,0.776123,0.533569
31127331405,0.562877,-0.41429,1.8134,0.395508,0.476562,0.764648,3.2480397,99.04540431,186.1225578,-1.8125,-4,-4.5,0.32312,0.0922852,0.775513,0.534363
31127352423,0.563145,-0.414831,1.81115,0.405273,0.475586,0.760742,3.6533127,99.52099031,186.8832998,-1.875,-3.9375,-4.625,0.323486,0.0918579,0.774902,0.535095
31127368917,0.563522,-0.415476,1.80891,0.409668,0.474121,0.76123,4.0629807,99.99511131,187.6445298,-1.3125,-4.0625,-4.6875,0.323914,0.0914307,0.774292,0.535828
31127391314,0.56408,-0.41634,1.80668,0.414551,0.48291,0.760742,4.4775317,100.4780213,188.4052718,-1.3125,-4.4375,-4.375,0.324463,0.0910034,0.773682,0.536499
31127412538,0.564324,-0.417201,1.80425,0.403809,0.47998,0.763184,4.8813407,100.9580013,189.1684558,-1.625,-5.1875,-3.875,0.324951,0.0904541,0.77301,0.53717
31127428924,0.564348,-0.418129,1.8022,0.400879,0.475098,0.76709,5.2822197,101.4330993,189.9355458,-1.6875,-5.25,-3.5,0.325378,0.0898438,0.772461,0.537781
31127434223,0.564771,-0.419352,1.80036,0.407715,0.476562,0.757324,5.6899347,101.9096613,190.6928698,-1.125,-5.1875,-2.9375,0.325989,0.0892944,0.771973,0.53833
31127456726,0.564846,-0.420461,1.79881,0.412598,0.47168,0.757812,6.1025327,102.3813413,191.4506818,-0.75,-4.3125,-2.125,0.326477,0.0887451,0.771545,0.538635
31127479244,0.564998,-0.421422,1.79768,0.410156,0.475586,0.764648,6.5126887,102.8569273,192.2153298,-0.5625,-3.9375,-1.25,0.326904,0.0883179,0.77124,0.538879
31127494492,0.565018,-0.422335,1.79676,0.405273,0.476562,0.762695,6.9179617,103.3334893,192.9780248,-0.6875,-3.375,-0.75,0.327271,0.0878906,0.770996,0.539062
31127516803,0.564637,-0.422968,1.79641,0.401367,0.469238,0.766602,7.3193287,103.8027273,193.7446268,-1.0625,-2.5,-0.5625,0.327393,0.0874634,0.770935,0.539246
31127539372,0.5643,-0.423321,1.79593,0.403809,0.475098,0.763184,7.7231377,104.2778253,194.5078108,-1,-1.625,-0.1875,0.327454,0.0871582,0.770813,0.539368
31127554457,0.564102,-0.423334,1.7961,0.399902,0.472656,0.755371,8.1230397,104.7504813,195.2631818,-0.6875,-0.9375,-0.4375,0.327393,0.0870972,0.770874,0.539368
31127576999,0.564102,-0.423334,1.7961,0.39502,0.47168,0.761719,8.5180597,105.2221613,196.0249008,-0.8125,-0.9375,-0.1875,0.327393,0.0870972,0.770874,0.539368
31127599395,0.563995,-0.42323,1.79611,0.402832,0.471191,0.764648,8.9208917,105.6933523,196.7895488,-0.3125,-0.75,0,0.327332,0.0870972,0.770874,0.539368
31127614168,0.563995,-0.42323,1.79611,0.402344,0.47168,0.760254,9.3232357,106.1650323,197.5498028,-0.0625,-0.8125,0.3125,0.327332,0.0870972,0.770874,0.539368
31127636816,0.563887,-0.423127,1.79611,0.394531,0.473633,0.769531,9.7177667,106.6386653,198.3193338,-0.1875,-0.8125,0.3125,0.327271,0.0870972,0.770874,0.539368
31127659220,0.563887,-0.423127,1.79611,0.392578,0.475586,0.767578,10.1103447,107.1142513,199.0869118,-0.8125,-0.75,0.125,0.327271,0.0870972,0.770874,0.539368
31127674300,0.563816,-0.423012,1.79609,0.393066,0.479492,0.762695,10.5034107,107.5937433,199.8496068,-1,-0.9375,-0.375,0.327209,0.0870972,0.770874,0.539429
31127696765,0.563808,-0.422837,1.7961,0.388672,0.475098,0.766602,10.8920827,108.0688413,200.6162088,-0.5625,-0.875,-0.5625,0.327148,0.0871582,0.770874,0.539429
31127719300,0.563818,-0.422881,1.79629,0.392578,0.479004,0.765625,11.2846607,108.5478453,201.3818338,-0.375,-0.8125,-0.9375,0.327148,0.0871582,0.770935,0.539429
31127734457,0.563423,-0.422581,1.79581,0.398438,0.476074,0.773438,11.6830987,109.0239193,202.1552718,-0.6875,-0.375,-1.0625,0.326965,0.0870361,0.770813,0.539673
31127756936,0.563408,-0.422224,1.79557,0.404785,0.48877,0.772949,12.0878837,109.5126893,202.9282208,-0.5,-0.1875,-1.125,0.326843,0.0870972,0.770752,0.539856
31127779173,0.563313,-0.421708,1.79513,0.398438,0.487305,0.770996,12.4863217,109.9999943,203.6992168,-0.875,0.25,-1.25,0.32666,0.0871582,0.77063,0.5401
31127794210,0.562976,-0.421036,1.79464,0.39209,0.492188,0.770996,12.8784117,110.4921823,204.4702128,-1.875,-0.25,-1.3125,0.326355,0.0871582,0.770508,0.540466
31127816864,0.562846,-0.420394,1.79415,0.388672,0.49707,0.77002,13.2670837,110.9892523,205.2402328,-1.6875,-0.1875,-1.375,0.326111,0.0872192,0.770386,0.540833
31127839354,0.562904,-0.419696,1.79331,0.392578,0.505371,0.776367,13.6596617,111.4946233,206.0165998,-1.625,-0.375,-1.5625,0.325928,0.0873413,0.770142,0.541199
31127854376,0.562909,-0.419103,1.79262,0.399902,0.510742,0.786621,14.0595637,112.0053653,206.8032208,-1.6875,-0.1875,-1.875,0.325745,0.0874023,0.769958,0.541626
31127876687,0.562816,-0.418001,1.79175,0.393066,0.514648,0.791504,14.4526297,112.5200133,207.5947248,-1.9375,0.0625,-2.5,0.325378,0.0875854,0.769714,0.542114
31127899226,0.562104,-0.416671,1.79079,0.38916,0.51123,0.804688,14.8417897,113.0312433,208.3994128,-3.375,0.3125,-2.6875,0.324768,0.0875854,0.76947,0.542786