timestamp,emg1,emg2,emg3,emg4,emg5,emg6,emg7,emg8
31122187621,-5,0,-3,-6,-5,-24,-15,-6
31122187621,-3,1,-2,1,2,-7,5,-5
31122194631,-2,-3,-1,-3,-3,29,-1,-1
31122194631,1,2,-1,-1,-2,-10,-2,-3
31122196652,1,1,2,5,-6,0,4,2
31122196652,-5,-5,-3,1,4,-10,-3,-3
31122197352,8,-1,-5,-7,-8,-3,-7,2
31122197352,-2,-1,2,2,7,14,-6,0
31122225789,-1,-1,-1,-6,-1,0,9,2
31122225789,1,1,2,3,0,6,-10,-1
31122227346,1,0,-1,3,4,-11,10,-3
31122227346,-1,-2,-3,-3,0,0,6,-1
31122230723,-2,-4,-3,0,-1,-7,-14,-2
31122230723,-3,1,-2,-2,-4,4,-21,1
31122231560,-5,-2,0,-2,-1,-18,3,-4
31122231560,10,1,3,4,-4,3,1,2
31122269115,-2,0,-3,-1,1,1,20,2
31122269115,1,-2,-1,-4,-4,-6,-2,-3
31122269627,-8,0,3,5,-3,-4,-1,-3
31122269627,-2,0,-2,2,2,9,-9,-1
31122271381,-5,-4,-1,-7,0,7,5,-1
31122271381,14,5,1,1,-2,4,10,7
31122283200,-8,-1,-4,-8,-5,-7,-6,-5
31122283200,-5,-2,0,4,1,-6,7,0
31122284840,-1,1,2,3,7,16,-5,-3
31122284840,-6,-4,-2,-2,-7,-2,-1,-1
31122314386,3,0,-1,2,3,5,19,3
31122314386,3,-2,-2,-9,-6,1,-15,1
31122317304,0,0,-2,4,3,10,-7,-1
31122317304,-4,-3,0,-1,-5,4,4,-4
31122319492,0,-1,0,5,5,-5,-14,1
31122319492,-1,1,-3,-7,-5,-7,10,-3
31122330917,3,1,2,0,-2,-1,9,1
31122330917,-6,-4,0,-6,0,5,-5,-1
31122364261,-1,3,3,6,7,5,-4,-4
31122364261,-3,-3,-2,0,-2,-3,5,0
31122384521,2,-2,-2,-3,0,4,-17,-4
31122384521,0,1,-1,-5,-7,5,0,-5
31122395716,1,-1,1,1,2,-8,9,0
31122395716,-3,-1,-1,-1,-12,-11,-7,-1
31122412043,-3,-2,-2,-1,2,-7,1,-2
31122412043,-2,-3,-6,-11,-6,10,-1,-5
31122412624,10,4,4,10,2,-17,-5,2
31122412624,-4,-1,-4,2,-7,-3,1,-2
31122413488,-3,-3,0,-5,4,7,-3,0
31122413488,-1,-2,-3,-2,-8,-10,-10,-3
31122418122,-5,-4,-4,-7,7,-4,11,-3
31122418122,6,3,4,0,-7,-18,-7,0
31122418896,1,4,-5,-3,11,19,25,2
31122418896,-1,0,4,5,8,-2,24,4
31122424386,-3,-1,2,-2,0,5,-5,-4
31122424386,0,-2,-2,3,3,-10,2,3
31122440306,0,-2,-2,2,-5,13,-7,-5
31122440306,0,-1,2,4,6,4,-7,0
31122457038,-1,0,-3,-8,5,19,-6,3
31122457038,-7,0,-3,-2,1,12,-4,-5
31122457837,-2,-1,4,-2,-15,-30,-2,-2
31122457837,0,-1,-3,-2,8,15,0,3
31122469832,-6,-3,0,0,-1,2,-7,-3
31122469832,0,-1,0,1,0,5,0,-4
31122470588,-6,0,-1,-8,-2,-5,-17,-2
31122470588,6,3,0,9,-3,-20,6,1
31122493317,-4,-2,-4,-1,-4,14,0,2
31122493317,6,1,0,-2,7,10,3,-1
31122507643,-3,1,1,9,2,-3,-9,-6
31122507643,-5,-4,-2,-12,-3,3,-2,1
31122515701,-1,-4,-3,3,-8,-5,-2,-3
31122515701,2,1,2,10,7,-2,31,5
31122516345,0,-3,-2,-7,-7,-15,-14,0
31122516345,-2,-2,-4,-2,6,1,5,-2
31122538152,0,2,-1,0,-2,-9,-11,-2
31122538152,-2,-5,-3,-10,-7,-9,-4,-1
31122538833,4,4,3,4,6,-11,5,3
31122538833,0,1,-1,0,-2,3,-8,-3
31122560727,-6,-4,0,-10,-8,-9,17,-4
31122560727,6,-1,0,1,-2,-15,-6,3
31122561307,4,0,0,8,5,13,7,2
31122561307,-4,-2,2,0,-4,-13,-9,-2
31122583163,0,1,-4,-6,-1,3,-14,-2
31122583163,-1,0,-2,-8,-2,17,1,0
31122583864,-10,-4,0,3,1,9,9,1
31122583864,-1,-1,0,1,-4,-18,-9,-2
31122589922,4,0,-5,-5,-7,-1,-3,2
31122589922,-5,-2,0,-3,7,-9,-19,-2
31122590663,-5,-5,-2,0,-4,-2,-3,-1
31122590663,-3,-1,0,0,-8,-21,-8,-6
31122612545,1,2,0,3,-5,2,20,7
31122612545,-2,1,-3,5,4,-4,-15,-4
31122613188,3,1,0,-11,0,-5,2,-1
31122613188,-5,-3,-2,-5,-9,-8,-12,-1
31122634963,2,-1,-2,1,2,2,-6,-5
31122634963,-7,-2,-2,-5,-3,0,16,-3
31122635606,0,1,0,0,-4,-8,8,4
31122635606,1,3,1,1,7,8,-6,1
31122649894,-1,-3,-1,2,4,-9,-9,1
31122649894,-2,1,2,-1,-8,-16,8,-4
31122650857,7,1,-2,7,3,6,-3,0
31122650857,-2,-1,-3,0,-9,3,-5,1
31122672443,-2,-1,0,-5,-10,0,10,-1
31122672443,-3,-8,-6,-14,-10,-10,-18,0
31122673240,0,-3,-4,-2,-12,-11,-16,-5
31122673240,1,-2,-4,-1,3,10,16,0
31122695676,-1,2,0,0,0,-2,-19,-3
31122695676,-1,-4,-1,8,7,30,4,-1
31122696428,0,1,-3,3,1,-4,2,3
31122696428,-1,-1,1,1,-3,3,-5,-4
31122710066,-5,-3,-3,-2,-10,-17,-7,-2
31122710066,0,2,-2,-7,13,13,1,3
31122710649,4,1,1,9,0,5,12,2
31122710649,-2,-3,-4,-9,0,-6,-3,0
31122732357,-3,-1,3,3,7,2,18,-2
31122732357,1,1,-2,-2,-2,-9,-15,0
31122733135,-1,0,-1,-5,-2,7,46,2
31122733135,-2,-2,-3,1,-6,-7,-11,-2
31122755668,0,0,-2,0,2,6,10,-2
31122755668,-2,-2,-5,-5,-1,1,-7,-2
31122756295,-4,-5,-1,-9,-9,-20,-8,-6
31122756295,8,1,2,7,3,0,4,6
31122770033,2,0,-4,-10,-13,22,-7,-5
31122770033,-3,-2,2,9,11,39,10,1
31122770717,-4,1,0,-1,5,20,-15,-6
31122770717,-2,-1,-3,-8,1,-17,28,-5
31122792924,-1,-1,-2,3,9,-5,-6,6
31122792924,-1,1,1,-4,-17,43,0,-6
31122807818,0,-1,-2,10,18,46,6,4
31122807818,-3,-1,-4,-21,-7,7,-1,-2
31122817039,-3,3,-2,5,29,-2,13,-6
31122817039,0,-1,3,9,4,1,-8,6
31122817965,-2,-2,-3,2,-7,-34,-14,-5
31122817965,5,5,6,4,15,62,21,5
31122829822,-3,-2,-1,8,-5,-2,-21,1
31122829822,-3,2,2,2,23,32,31,0
31122845344,-1,-3,-5,-8,-9,7,-17,-1
31122845344,0,1,-3,-3,7,43,49,4
31122853867,-4,-1,2,-3,-23,-31,-46,-2
31122853867,-1,-7,-3,-5,-18,-50,35,0
31122854790,-3,-1,-3,-9,-28,-3,-27,-5
31122854790,-1,0,-1,2,-31,-15,-21,-3
31122883739,-4,-5,-1,-4,21,49,14,-2
31122883739,7,8,1,4,-2,14,11,5
31122884261,2,-1,-1,-10,28,-8,7,3
31122884261,-7,-7,-4,0,-23,-38,-21,-8
31122890718,7,6,3,-15,-39,16,2,-2
31122890718,4,0,-6,-4,25,-53,-32,14
31122897365,-5,-2,1,14,-31,-47,18,-5
31122897365,-2,-1,2,-2,22,29,-3,8
31122912553,6,8,5,9,13,44,-8,11
31122912553,-11,-11,-1,2,49,31,-36,-20
31122913167,-4,-1,0,-7,-16,-64,-15,-9
31122913167,-5,-6,-4,-5,43,58,-9,-16
31122935712,6,3,3,17,-19,-34,60,14
31122935712,9,10,-3,-14,11,71,3,12
31122936280,-3,4,6,28,68,82,-39,-6
31122936280,-4,-5,-8,-39,-31,-27,-9,-1
31122949290,-6,-2,-1,3,25,-28,-22,-17
31122949290,-13,-5,-5,-16,-50,30,-31,0
31122957478,13,-11,-6,-14,0,2,39,8
31122957478,10,21,6,3,45,100,-13,-1
31122972365,-8,-6,3,20,16,-59,-10,1
31122972365,9,-7,-5,-1,-11,10,58,10
31122973267,10,5,-3,-3,7,15,-49,-2
31122973267,2,-10,-2,-4,-47,-73,19,5
31122995552,-9,-4,-7,-13,-56,-82,-13,-12
31122995552,-12,0,6,26,81,18,39,-3
31122996485,-7,1,-6,-34,-13,-62,42,9
31122996485,28,8,10,47,52,-28,4,6
31123010399,-2,11,8,-4,-2,71,-19,-5
31123010399,0,-7,-1,17,-19,-92,-16,-2
31123017340,-6,0,2,5,-27,50,-57,-3
31123017340,-22,-19,-5,-13,-45,-59,30,-4
31123032538,24,14,-1,2,59,71,-10,13
31123032538,6,7,3,-6,-11,6,-67,-10
31123033148,-13,-4,1,2,-19,-79,-36,-17
31123033148,1,-10,-2,25,-7,18,35,44
31123055509,-6,-8,-6,-31,-25,23,-45,-18
31123055509,-1,14,3,6,-23,-9,11,0
31123056274,-7,12,2,1,10,60,-5,-7
31123056274,17,5,-3,-11,-1,16,-34,-11
31123077976,-2,-24,-4,24,3,5,44,35
31123077976,23,-3,-3,-32,-45,-53,-23,4
31123078751,-11,-8,-7,-7,-18,4,16,-13
31123078751,5,-19,7,16,2,0,-40,-1
31123093986,-4,-24,2,9,-17,16,-8,-1
31123093986,-15,-11,2,-16,-10,-48,-41,-9
31123094751,4,5,-8,-12,12,20,-49,6
31123094751,-14,43,12,12,0,-33,16,-13
31123123091,-8,7,-8,-6,-23,-73,-26,-16
31123123091,-2,16,5,-10,-19,48,66,14
31123123949,0,-1,1,-9,-6,7,14,-2
31123123949,-14,11,-10,-15,4,0,-44,-6
31123129078,-8,11,1,12,-4,4,34,-6
31123129078,-1,-14,-9,-18,-45,-60,-45,-13
31123137365,-15,-45,-3,14,-19,-19,26,15
31123137365,8,-12,-4,1,-13,-17,-29,0
31123152351,-7,3,-9,-33,-9,-34,-35,-13
31123152351,-7,-10,-6,13,-8,5,-48,-1
31123153103,27,27,8,-1,-2,-15,40,17
31123153103,-24,-7,-1,-3,-3,12,13,-11
31123176215,2,34,64,31,0,-14,-47,-1
31123176215,19,-22,-47,8,-5,11,-31,-10
31123176936,-1,-57,-19,-55,0,-11,8,8
31123176936,-2,19,5,8,-2,-4,7,6
31123189336,-4,14,21,1,11,51,1,13
31123189336,-10,32,10,23,33,-11,11,-23
31123197393,8,20,23,17,7,25,27,11
31123197393,22,7,-16,1,-12,-6,-23,5
31123212337,1,-3,22,-3,1,-18,53,2
31123212337,-23,-42,-55,-18,-13,-15,-18,-17
31123213113,2,-45,-9,-16,9,55,7,1
31123213113,-18,19,4,-3,-7,-9,-44,-14
31123243066,6,6,-3,-9,9,25,1,2
31123243066,2,29,48,46,11,-1,-9,-7
31123244118,-15,-49,-52,-26,-17,-15,-14,-1
31123244118,-13,-19,6,-20,-10,-6,1,-6
31123258552,15,7,-20,-42,-4,13,52,7
31123258552,8,25,38,26,37,33,10,16
31123259312,-7,31,6,44,5,-12,-5,-7
31123259312,14,-19,-17,-34,-2,3,-10,-1
31123272928,-13,-11,18,6,3,12,-26,1
31123272928,-3,8,-28,-18,-11,4,29,4
31123273607,-4,-48,-15,4,-1,-7,-12,-4
31123273607,-12,-9,0,-39,1,12,-38,-10
31123303016,11,27,2,14,-4,-9,52,10
31123303016,-4,2,11,-5,7,0,28,5
31123303954,-4,50,8,2,7,9,28,2
31123303954,30,-14,10,48,10,13,-6,14
31123318079,-13,-23,-32,-18,-13,-11,-48,-17
31123318079,-3,2,33,-9,0,8,5,0
31123318797,6,4,-27,12,-6,0,0,2
31123318797,-20,-35,-4,-32,-5,1,14,-7
31123332297,7,4,-34,-7,1,-4,-20,-2
31123332297,3,5,24,21,-2,5,-12,4
31123333125,11,38,12,-2,18,9,26,5
31123333125,-6,-7,-5,6,10,-2,14,5
31123354328,-20,-43,-21,-19,-5,7,14,-14
31123354328,-3,9,10,20,-2,-9,-9,2
31123363215,6,23,15,3,2,14,-9,-1
31123363215,-1,4,-12,39,2,-2,-4,0
31123378110,-14,-49,-27,-31,3,-9,-15,-18
31123378110,-4,-1,-3,-24,-8,-5,58,7
31123379613,8,32,15,12,-4,4,-23,4
31123379613,2,11,8,20,4,-10,0,-1
31123400630,0,-7,-6,-2,-15,-5,17,-5
31123400630,-1,-1,-8,-1,13,-13,-12,7
31123402184,-11,-1,11,8,6,17,5,-2
31123402184,2,1,-7,-9,13,13,27,2
31123414179,-13,2,5,6,2,15,-9,-8
31123414179,-6,-16,-17,-24,-13,32,15,3
31123430764,-1,3,5,-11,-9,-13,15,-13
31123430764,-14,3,5,15,-10,0,-13,10
31123438332,13,5,-7,2,6,12,-26,6
31123438332,0,-24,-13,-24,-20,4,1,1
31123439647,-26,-12,0,1,26,2,-11,-16
31123439647,-23,11,1,-6,-20,27,9,-6
31123460709,9,5,1,22,9,-9,-17,14
31123460709,-4,-1,-10,-10,-4,-17,-1,-11
31123462089,5,-4,3,-16,-16,1,-4,-5
31123462089,6,3,3,0,-4,-17,-23,14
31123474161,6,11,3,13,11,-3,37,-13
31123474161,5,-11,-11,-25,-9,-5,-18,1
31123490671,-9,-16,-3,-5,-12,-17,-45,-3
31123490671,21,14,1,-6,5,18,28,-8
31123498074,2,0,3,8,-4,-12,20,7
31123498074,-3,7,9,19,-3,14,-21,-1
31123499708,9,4,-5,0,1,-3,7,2
31123499708,-10,-15,-10,-23,8,-20,-18,-15
31123521099,-2,3,7,-1,-8,0,4,4
31123521099,13,5,4,13,5,7,31,3
31123522651,-3,3,4,3,-4,-5,10,3
31123522651,-1,-6,-5,0,6,-8,-22,-5
31123543269,2,0,-5,-1,-1,3,3,7
31123543269,-5,0,1,-3,3,-14,-3,-6
31123544675,6,9,2,1,3,-8,-11,0
31123544675,-1,-3,-1,4,-4,0,22,6
31123565513,-4,-2,-2,-7,0,-6,-8,-4
31123565513,5,-3,-3,-9,-7,2,-5,-2
31123567243,3,3,-2,7,-1,-4,-3,0
31123567243,-2,-1,1,-2,-4,5,0,-1
31123580985,-1,1,-6,-1,-1,-3,-6,3
31123580985,3,-4,1,8,-4,-6,-41,-6
31123582637,1,-1,5,3,0,8,-4,3
31123582637,1,3,1,-6,-3,-17,32,3
31123594353,1,3,0,2,0,-3,2,0
31123594353,-8,-9,-4,4,-6,9,8,-2
31123626278,-1,1,3,-6,4,5,-6,5
31123626278,1,3,2,3,-11,-6,-17,-5
31123627001,-5,-6,-5,-11,-5,-1,4,-6
31123627001,6,5,-2,3,1,0,-2,3
31123628623,1,3,3,1,6,-3,9,2
31123628623,8,3,-3,-5,2,4,7,0
31123640721,1,-1,-2,-3,-3,2,10,-4
31123640721,-3,-4,-1,-5,4,-13,-18,-3
31123642190,0,-4,0,-4,-12,-4,6,-4
31123642190,-2,5,3,4,12,-3,1,-3
31123670785,2,-2,-5,0,-1,2,-16,5
31123670785,-4,-1,-1,-1,-2,0,2,-2
31123672211,0,2,-2,-2,-3,2,-18,-3
31123672211,-5,-4,0,-2,-13,-8,-6,-4
31123677652,-1,-2,-1,2,3,1,5,1
31123677652,-2,-2,-3,-5,8,5,7,0
31123708912,0,-1,0,1,0,-2,1,-2
31123708912,-4,-5,-4,-9,-7,-5,6,-5
31123709509,0,3,3,8,-4,4,-18,4
31123709509,-4,0,-3,-3,-6,-5,3,0
31123715597,7,-4,-5,-7,-2,3,1,-3
31123715597,-7,0,2,7,2,-3,-11,-3
31123723188,8,0,0,0,0,0,-13,2
31123723188,-3,0,0,7,0,6,0,-7
31123724597,-3,-2,-5,-9,-4,-4,-5,8
31123724597,-1,-1,-2,3,1,9,1,-3
31123746147,0,-2,0,-11,-3,-3,-2,-1
31123746147,-5,-3,3,5,3,-5,-5,-4
31123747615,-5,-3,-3,-3,-9,5,12,-4
31123747615,13,3,0,-10,-6,-11,21,4
31123760810,-3,0,1,6,-4,5,-14,-1
31123760810,10,-1,-1,-6,-6,-7,21,0
31123762310,-2,0,-1,2,2,9,6,-1
31123762310,-2,-3,-2,-3,-6,1,-2,2
31123783025,-5,-4,-1,-4,-8,-9,-5,-7
31123783025,-5,-7,-3,-9,6,7,18,0
31123784658,-2,1,-1,2,-3,-6,6,1
31123784658,3,0,2,5,3,14,-5,-2
31123813084,0,0,-4,-1,2,-12,-1,4
31123813084,-6,-2,-1,-9,-3,-10,-7,-3
31123814588,-6,-3,2,4,1,6,-4,-2
31123814588,-8,-3,-3,-3,0,7,-11,-1
31123820580,3,0,0,2,5,-5,-5,-3
31123820580,-5,-3,2,-3,-8,2,-6,2
31123822324,-1,-4,-2,-3,-4,8,-13,1
31123822324,2,1,-5,0,-1,-7,0,-3
31123843069,-6,2,0,5,3,3,17,-5
31123843069,-6,-2,0,-5,-3,-7,-18,8
31123844674,16,5,0,5,-3,2,-2,-3
31123844674,-8,-4,-2,0,-5,-4,-14,-4
31123857553,-2,-4,-3,4,28,15,-5,-2
31123857553,-5,3,-1,4,-1,1,-1,-4
31123864214,-5,3,-1,-5,-5,-15,-9,-3
31123864214,3,-4,0,-4,-3,4,-10,3
31123888235,2,-1,-2,1,-8,-9,15,-4
31123888235,3,-3,-5,-3,3,5,-23,-1
31123889823,-11,-3,-2,-2,2,-4,12,-8
31123889823,8,3,1,2,1,-5,2,3
31123903062,1,0,2,2,5,-8,-28,2
31123903062,2,2,1,0,5,12,34,1
31123904679,-2,-2,4,1,-7,-6,-9,-1
31123904679,-7,-3,0,-3,5,0,-7,-5
31123917274,-7,-7,-2,-6,-7,-5,4,-3
31123917274,2,-3,-3,-2,-3,5,-2,-1
31123924427,0,0,3,1,4,1,-11,10
31123924427,0,3,1,9,-3,-13,-6,-4
31123940762,0,-2,-1,-3,-5,8,24,0
31123940762,-1,1,-1,1,-7,-1,-4,-3
31123942240,2,-4,-7,-8,3,-1,9,-1
31123942240,0,1,-3,3,9,-2,-11,-2
31123963021,2,-4,-2,-5,10,-3,23,4
31123963021,2,4,2,-3,1,-6,-7,0
31123964538,-2,1,6,10,12,5,9,-2
31123964538,5,-1,3,1,-10,6,12,5
31123977334,-5,-2,-2,-3,-15,0,-12,-2
31123977334,-1,-4,-5,-1,-17,-4,1,-6
31123984255,-2,1,-4,-5,-8,-7,-14,-6
31123984255,-2,-2,2,-1,0,8,15,6
31124000693,1,2,2,-5,-9,-3,-15,-1
31124000693,-7,-3,-4,-2,2,-2,5,0
31124002182,-8,-2,-1,6,4,1,-2,-13
31124002182,6,0,-2,-6,-4,-6,-12,7
31124023248,-3,-2,-4,-5,-9,-2,-17,-2
31124023248,4,3,2,-1,2,-7,13,2
31124024640,-10,-5,-3,-2,-4,2,-3,-3
31124024640,-3,-1,-2,0,-5,-5,-8,-4
31124037349,2,1,3,-2,0,1,18,0
31124037349,-1,-1,-3,4,8,1,-7,1
31124044182,4,-1,-2,-5,-6,-1,15,5
31124044182,1,1,2,2,2,-6,-9,-7
31124060728,-1,-1,-4,1,1,3,-1,2
31124060728,-6,-3,-1,1,1,1,-6,-3
31124062196,5,2,0,-2,-7,-3,2,4
31124062196,-4,-4,-5,-8,-2,3,-10,1
31124083261,2,1,1,4,-5,0,12,-7
31124083261,-6,-3,-1,0,-3,-4,-10,0
31124084734,-11,0,1,-2,4,-5,1,2
31124084734,3,-1,-2,0,0,8,-4,-2
31124096809,-7,0,-2,-5,2,-8,-31,-3
31124096809,4,1,-1,2,2,-2,2,-1
31124105657,-6,-2,-2,-3,-4,1,-4,0
31124105657,-6,0,0,2,1,-4,2,-3
31124120734,8,3,0,-1,10,4,16,4
31124120734,-7,-4,-3,-4,-6,-2,-3,1
31124122252,6,-2,-1,3,-6,3,1,1
31124122252,0,-4,0,-5,1,-3,7,-4
31124143193,3,5,-2,2,0,2,-6,1
31124143193,-2,0,0,-1,-4,0,3,-2
31124144731,1,-5,-2,-5,0,-3,-8,-1
31124144731,2,3,-2,-1,4,4,23,3
31124156848,-9,-4,1,4,-6,0,-1,-2
31124156848,6,4,0,-12,1,5,-4,8
31124165743,2,2,-2,1,1,1,-15,-5
31124165743,-4,-2,1,0,-3,2,40,5
31124180679,-2,-6,-1,-4,-6,-8,-15,-3
31124180679,1,-1,-3,-3,0,0,-7,-7
31124182214,4,1,1,3,-1,-1,-3,1
31124182214,-10,-2,-3,-2,-3,-3,-1,-8
31124203099,-1,-1,-1,-4,-1,0,-9,2
31124203099,-1,-3,-4,0,-5,-7,5,-5
31124204626,-2,-1,0,0,-2,2,6,5
31124204626,10,0,-1,-3,-1,-4,-6,0
31124216890,0,3,-2,0,-1,-1,12,-2
31124216890,-2,-5,1,1,-6,-4,-20,0
31124225632,8,4,-2,-1,9,0,2,2
31124225632,-5,-1,-1,-1,-2,-2,-13,-6
31124240735,0,-2,-4,-7,-6,0,2,1
31124240735,4,5,-2,-2,3,4,14,2
31124242118,-2,-3,1,-6,-4,-1,10,-1
31124242118,-2,-2,1,3,0,-2,3,0
31124263138,1,0,4,2,-3,-2,-8,-2
31124263138,1,-1,-2,-4,0,-3,6,-1
31124264732,-2,2,-1,6,0,-1,13,-1
31124264732,3,0,-3,-4,0,5,-2,5
31124276790,4,-1,-1,0,-3,-5,8,2
31124276790,-1,-2,3,4,-3,-1,0,1
31124285644,5,2,1,1,13,1,1,-1
31124285644,-5,-4,-1,-1,-9,-7,-19,0
31124300665,-1,2,-2,0,4,-6,25,-4
31124300665,-3,-4,-3,-1,0,0,9,-1
31124302312,-3,-1,1,-4,-5,-2,-14,-5
31124302312,-1,-3,0,-1,1,3,3,5
31124323158,4,0,-1,-2,4,-1,-10,-2
31124323158,-1,2,-2,-1,-9,3,11,-1
31124324614,-3,-7,-4,-3,-4,-1,-10,-1
31124324614,-1,4,-2,2,1,-6,3,-5
31124336679,-7,-2,-2,-3,-7,0,-13,-3
31124336679,-2,-2,-1,-1,-4,1,-18,1
31124345696,0,0,3,4,-5,-1,-3,-2
31124345696,1,2,-3,-4,-2,4,2,-1
31124360689,3,-2,-1,-1,-1,0,-6,1
31124360689,-3,-2,-5,1,2,-6,-12,-3
31124362199,-3,-3,-3,0,-1,-3,26,1
31124362199,-4,-3,-2,-3,-3,-2,-15,-2
31124383286,-1,1,0,3,-2,7,2,2
31124383286,8,2,3,1,1,-4,-5,-3
31124384658,0,-4,-3,-6,-4,-7,-6,-3
31124384658,1,1,0,1,3,-3,-10,-9
31124396829,5,0,-1,0,-7,7,21,7
31124396829,-2,-2,0,1,5,3,-1,2
31124405712,-2,1,-1,-2,-5,0,-14,2
31124405712,-1,0,-2,-1,-6,-1,-4,-4
31124420562,-10,-3,1,-4,-1,-5,-13,-3
31124420562,8,-1,-1,3,-2,1,1,-1
31124422118,-1,2,-3,-3,-1,-2,5,-1
31124422118,0,2,-2,-6,0,1,-3,0
31124443158,-4,-5,-2,1,0,1,-8,-1
31124443158,-3,1,-1,-6,-4,-2,-4,-3
31124444603,-5,-4,2,0,1,5,1,-2
31124444603,1,-2,2,3,-5,2,0,2
31124456903,2,2,-1,0,-3,-6,-4,-2
31124456903,-4,-3,-2,-3,-2,-4,-22,-4
31124465718,-4,-2,-1,3,7,1,14,3
31124465718,-3,2,-1,-2,1,0,9,1
31124480706,3,-1,-4,-4,1,-2,6,-1
31124480706,-4,-1,2,-1,1,-3,-4,-2
31124482149,2,-1,-4,-2,-8,0,-6,-2
31124482149,-5,-6,-3,0,3,-3,4,0
31124504387,-5,-2,-3,-2,-3,-4,-10,-7
31124504387,-3,1,1,3,1,5,16,5
31124506019,0,-3,-3,-9,7,-3,-10,2
31124506019,5,-2,-2,2,-4,-4,-4,-4
31124516658,-5,0,-1,-2,-1,-1,-3,-1
31124516658,-7,-5,-1,-1,1,1,-5,-3
31124525522,0,3,3,1,-6,-8,-3,-2
31124525522,-4,-4,-1,-2,-3,0,-1,-4
31124540484,-5,-6,0,-2,0,1,-9,0
31124540484,-3,-5,0,-2,-6,2,11,11
31124542036,12,2,-4,-3,-5,0,0,-1
31124542036,1,4,0,5,3,1,-8,2
31124563032,8,2,4,1,-1,7,7,-1
31124563032,-2,-2,-4,-2,2,-5,5,-3
31124564542,-8,-5,-1,-2,-6,-1,-8,-4
31124564542,-2,-2,2,1,-1,-1,-4,2
31124576698,-3,-1,-2,-1,6,1,1,-2
31124576698,4,2,0,-1,-1,-1,-3,-3
31124585622,3,-3,0,4,-1,2,-16,-1
31124585622,0,-2,-1,1,-2,-4,-8,0
31124600506,-1,0,0,-1,0,1,-4,3
31124600506,3,0,0,0,1,0,3,-5
31124602044,-4,-5,-3,-2,-2,1,-2,1
31124602044,-5,1,-1,-3,-4,-3,0,-3
31124623137,-6,-3,-4,-2,-3,-6,4,-3
31124623137,-5,-1,-3,-9,2,8,16,2
31124624653,-2,0,-2,2,-4,-8,-11,-9
31124624653,5,4,-2,-10,-2,-2,43,7
31124645580,-4,-6,-3,3,3,-3,-13,-1
31124645580,-1,-1,0,-1,-4,-7,-6,-4
31124647156,-5,-1,-1,1,2,2,5,-1
31124647156,-7,-2,-1,-4,0,-1,-7,-1
31124660625,1,0,-1,-3,-3,-9,-11,-3
31124660625,1,-1,-3,1,-1,0,7,-1
31124662165,-2,0,1,1,-1,7,3,2
31124662165,-1,-2,1,1,-3,-4,-12,-3
31124683152,2,1,1,0,2,-2,8,1
31124683152,0,-2,-1,1,-1,-4,-20,-4
31124684608,-2,0,0,-5,1,1,9,-2
31124684608,1,-2,-3,0,-1,-4,6,-2
31124705664,-2,1,-1,-1,0,1,-9,2
31124705664,0,-2,1,2,-3,1,-5,-2
31124707105,-2,-2,-4,-5,-3,7,25,4
31124707105,-4,-5,-3,-1,9,-1,-14,-2
31124720673,1,0,-3,-2,-3,-1,22,-2
31124720673,-7,-3,0,1,0,-3,-5,-3
31124722159,16,6,1,1,-1,-5,-3,1
31124722159,-5,-5,-1,-1,-5,8,-1,-2
31124743064,-1,0,0,3,1,-1,-4,3
31124743064,-2,0,2,0,-1,-2,11,0
31124744629,-4,-4,-2,-5,-3,-5,-1,-5
31124744629,3,-3,-6,2,0,5,6,2
31124765665,-1,2,1,-1,-4,1,-7,-3
31124765665,0,-1,-6,-5,4,2,5,-2
31124767069,-5,-2,0,-4,-5,-6,-16,-2
31124767069,-3,0,-1,4,2,-3,-1,-3
31124780117,2,0,0,-8,0,4,3,1
31124780117,3,0,0,3,7,-4,-6,-2
31124786968,-2,1,-2,-2,-5,-1,-3,2
31124786968,-8,-7,-4,-3,7,7,-9,-5
31124803010,-1,0,3,5,-5,-5,-9,-7
31124803010,-5,-5,-3,-4,-5,0,-3,1
31124804536,6,0,-1,0,-1,0,-3,0
31124804536,-3,1,2,0,4,-3,-14,-3
31124825689,5,1,0,0,-5,1,24,-1
31124825689,-2,-1,0,0,-1,-1,-3,0
31124827156,-5,-1,-3,4,1,-4,-2,-5
31124827156,5,2,-3,-4,-3,4,4,0
31124839849,-3,-1,-2,0,0,2,7,2
31124839849,0,0,0,2,2,-1,2,1
31124846687,-1,-3,2,-1,-1,1,12,-1
31124846687,0,-2,-5,-2,-7,-6,-8,-2
31124863064,-5,-5,0,-2,1,3,-4,-3
31124863064,3,4,0,-4,-4,-2,2,4
31124864834,-5,-4,-4,0,0,3,-9,-5
31124864834,-5,-2,2,1,-5,-3,2,-6
31124885639,-2,-1,-1,2,-1,-1,3,8
31124885639,1,-1,0,-4,-3,-2,-27,-3
31124887120,-3,-6,-3,-4,-3,0,-6,-1
31124887120,2,2,3,3,6,-2,-6,0
31124900000,5,-2,-2,-1,-4,-2,-5,-4
31124900000,-2,-1,-2,-3,-4,1,6,1
31124906835,-6,1,2,1,11,-1,-4,0
31124906835,-2,-3,-5,-8,-7,0,7,-2
31124923238,1,2,0,-3,3,-4,-12,-2
31124923238,-2,-1,-2,0,0,0,4,-2
31124924604,-6,0,0,-2,2,-1,-7,-1
31124924604,-1,1,-1,1,-3,-1,1,2
31124945553,-4,-2,-5,-1,-1,0,10,-4
31124945553,0,-2,-2,-1,4,-2,2,-3
31124947168,1,0,-2,0,-2,0,9,0
31124947168,-1,1,2,3,-1,-3,-1,0
31124960085,-1,-4,-4,-8,0,1,0,4
31124960085,-2,2,-4,1,-4,3,-12,-2
31124966634,0,-3,-1,-2,-1,-1,-8,-2
31124966634,3,-4,3,-1,1,2,7,2
31124982982,-6,-3,-4,-3,1,-9,-13,-6
31124982982,3,1,3,0,-4,2,4,0
31124984563,1,-2,-3,3,-4,4,0,2
31124984563,-1,-2,-1,-2,-8,-4,12,3
31125005552,0,2,-2,5,-1,-2,-7,-6
31125005552,-10,-9,-2,-5,-6,1,-4,0
31125007129,15,5,2,2,-6,-6,1,-4
31125007129,-3,1,-5,-4,0,4,2,1
31125020061,-1,2,2,3,-3,0,17,3
31125020061,1,-1,-5,0,5,-4,-7,-1
31125026921,-12,-3,0,-1,-1,2,6,-5
31125026921,9,-4,-5,0,2,-5,-4,3
31125043268,4,2,1,-1,1,-2,-4,-2
31125043268,-3,2,1,1,-6,-7,-2,-3
31125044672,-1,-1,-1,-2,-5,-1,20,4
31125044672,-3,-1,-2,-1,0,-2,-17,-2
31125065653,0,-2,4,-1,-1,6,-12,-5
31125065653,4,-2,2,-1,-2,-7,2,1
31125067072,-1,3,2,1,8,6,18,-1
31125067072,0,3,1,-1,-2,-3,-8,-2
31125080094,-6,-4,-1,-4,-4,-4,-13,-2
31125080094,-10,-3,-1,-3,0,2,-1,-1
31125086694,18,5,-1,8,1,1,-1,2
31125086694,-4,-1,-1,-9,-4,-5,5,-4
31125103015,0,0,1,7,3,-1,10,-2
31125103015,-7,-4,0,-4,-5,3,-4,2
31125104651,-7,-3,-1,-2,-3,-2,-2,-8
31125104651,0,0,3,-3,4,-1,5,6
31125125789,13,0,-1,-4,-5,-3,-8,-1
31125125789,4,5,2,0,-3,1,11,-2
31125127149,-2,-2,-6,1,2,9,6,2
31125127149,0,-1,3,2,-4,-5,-5,-5
31125139345,-11,-4,-4,-2,1,-1,-7,-2
31125139345,6,-1,-1,2,-3,-4,12,0
31125148162,-4,-2,1,-2,-7,-3,-20,-3
31125148162,4,0,-2,1,2,-1,0,-1
31125163210,-1,1,-2,1,3,6,12,3
31125163210,0,2,-4,1,-4,-6,-8,-4
31125164656,-5,0,-1,-10,-6,-5,-19,3
31125164656,-3,-2,-4,-4,1,4,14,-2
31125185715,1,-3,1,2,-8,-7,-9,0
31125185715,3,4,5,2,2,4,-4,0
31125187298,-6,-8,0,-3,-2,-5,11,-2
31125187298,7,1,0,0,-2,0,-15,1
31125199246,-5,1,-4,-9,1,2,16,1
31125199246,-3,-3,0,0,-1,1,-7,-2
31125208147,3,1,2,2,-1,-2,-1,3
31125208147,0,1,-2,0,-3,1,-22,-3
31125223004,-4,-2,-2,-2,0,-3,10,-4
31125223004,10,0,-4,-1,4,6,10,-6
31125224633,-7,-3,-4,0,0,0,-3,0
31125224633,-1,-2,2,0,-7,-5,9,-2
31125245584,-2,-1,-3,4,2,1,-15,1
31125245584,-6,1,-1,-6,1,2,6,-6
31125247333,0,-2,-1,0,1,-3,13,2
31125247333,-4,0,-1,0,-2,4,-4,-1
31125259213,1,0,-1,3,-1,1,6,-1
31125259213,-1,-1,0,-5,2,-2,8,1
31125268170,4,1,-1,-3,-8,2,-16,-3
31125268170,-5,0,0,-2,0,-2,-2,1
31125283056,-4,-4,0,-5,0,0,15,-3
31125283056,-2,-3,-3,3,1,-4,1,-1
31125284596,0,0,-1,5,10,2,0,1
31125284596,-3,-2,-3,-2,-1,1,-1,-3
31125305567,-2,-2,-2,-2,-1,1,-10,-1
31125305567,0,-1,-2,2,-1,0,-8,-2
31125307382,-3,2,1,-7,-1,-4,-8,1
31125307382,0,-6,-2,2,-1,-1,-2,-5
31125319394,-2,-1,-4,-9,-1,6,6,1
31125319394,-2,-3,4,-2,-6,1,-1,0
31125328385,-5,0,1,3,3,-1,2,-3
31125328385,5,4,-2,-1,-1,-2,6,0
31125343193,-1,1,-1,-2,-2,-9,-13,-3
31125343193,1,4,0,1,1,0,4,1
31125344630,0,-4,-5,-9,-2,-1,-10,-3
31125344630,-2,-2,2,5,0,3,26,1
31125365492,2,1,-2,1,2,-3,-21,-2
31125365492,-5,0,-4,-4,2,-1,-8,0
31125367279,12,-1,1,0,-4,-3,-5,2
31125367279,-1,0,0,-1,0,-3,-8,-1
31125379357,2,0,0,3,-1,1,7,-1
31125379357,-3,-3,-3,-5,-6,-3,0,-1
31125388254,-11,0,-2,-1,-2,1,-2,-5
31125388254,1,-1,0,-3,2,2,5,-4
31125403287,1,-1,0,-3,-2,2,13,3
31125403287,1,-3,-4,5,2,-2,-12,4
31125404816,-3,0,0,1,-2,-6,-8,-4
31125404816,-1,-2,-1,-2,-3,-1,3,-4
31125425592,-3,0,1,-1,1,3,9,1
31125425592,3,2,1,2,0,-3,-6,0
31125427251,-4,-6,-5,-5,-4,-3,-5,0
31125427251,0,1,0,-1,-1,-7,3,-1
31125439360,-1,-2,0,4,-4,1,2,-1
31125439360,-3,-4,-2,-4,-2,-4,4,0
31125448190,-3,1,2,-4,-6,-2,-17,-3
31125448190,8,2,-3,1,7,1,10,2
31125463054,-7,-3,1,-1,1,-3,-6,-2
31125463054,3,-5,-1,-1,-5,-1,0,-2
31125464619,-7,0,2,1,3,0,0,-1
31125464619,-5,-4,-4,1,-5,-1,3,-2
31125485528,3,2,-1,0,-6,-1,-11,-4
31125485528,-1,-3,-2,-7,-1,3,-15,1
31125487197,2,2,-2,0,3,-1,18,-1
31125487197,-7,-3,0,-4,-4,3,-5,0
31125499280,2,-3,-1,-1,-4,-6,-7,-2
31125499280,-3,4,2,0,4,0,16,-1
31125508212,1,-3,-3,0,-2,2,6,0
31125508212,-2,-3,-3,-5,0,-1,-17,-9
31125523137,2,0,2,8,-2,1,11,5
31125523137,0,-3,2,-8,0,-5,-25,1
31125524557,-5,-1,-4,0,0,3,7,-2
31125524557,10,4,-3,-1,-2,-5,13,3
31125545765,-3,-2,-1,-4,-4,1,-6,-2
31125545765,-5,-3,-3,3,-3,-1,5,-2
31125547145,11,3,-1,3,-1,3,5,-1
31125547145,-7,-2,0,-2,-1,-4,-22,-1
31125568218,0,1,-3,-3,-1,1,23,2
31125568218,1,2,2,-1,-4,-7,5,1
31125569627,1,-2,1,2,1,9,1,2
31125569627,-9,-3,2,-2,-3,1,15,-1
31125583062,10,3,2,0,-1,-3,1,0
31125583062,3,-2,-4,2,0,2,-5,-5
31125584638,-5,-3,-4,-4,2,-2,-3,0
31125584638,1,2,3,3,6,-2,-6,-1
31125605623,-2,-1,-1,-2,-2,1,-4,-3
31125605623,-6,0,-4,-2,-1,1,4,-3
31125607550,-5,-2,-3,-2,-7,-10,-17,-3
31125607550,1,0,1,2,-1,5,-13,2
31125627960,-10,-9,-3,-4,-5,0,-12,-6
31125627960,0,1,-2,2,-3,1,1,-2
31125629583,-5,-1,1,0,1,0,-8,-2
31125629583,8,1,0,1,-3,-4,-12,-2
31125642983,-3,0,0,1,2,6,12,-3
31125642983,5,1,-2,-2,9,3,4,8
31125644510,4,-1,0,0,-5,-4,-8,-1
31125644510,-6,-2,-5,-2,-2,1,-8,-2
31125665689,1,3,1,-4,2,7,33,6
31125665689,-2,-1,2,-1,-1,3,9,-4
31125667212,-1,1,2,0,-2,-1,-10,-3
31125667212,-5,-1,-5,-2,-6,-3,-14,-3
31125688236,3,2,2,1,5,-3,4,-3
31125688236,-7,-4,-3,-4,-4,3,-4,-3
31125689685,0,-1,-1,1,0,-3,-7,0
31125689685,-4,-3,3,0,-5,-1,-7,-1
31125702449,-3,-1,-2,-2,-4,-4,-26,-3
31125702449,1,-2,-1,1,-2,2,-7,2
31125709200,0,2,-2,-4,-2,1,18,0
31125709200,0,1,1,5,2,-2,4,0
31125725482,-5,-5,-5,-4,-1,0,-12,1
31125725482,15,4,2,1,-2,-10,2,-3
31125727196,-1,-3,-1,1,-1,5,-2,1
31125727196,-2,-1,-2,-5,-2,0,15,1
31125748084,-1,-1,-3,-1,-2,-5,-12,-3
31125748084,-7,0,2,-1,0,-3,21,-3
31125749675,0,-1,-4,-4,-3,0,1,-6
31125749675,3,-2,2,2,-1,-2,0,5
31125762540,-2,-1,0,-3,-2,-3,-14,-1
31125762540,-7,-5,-1,-7,-3,-2,-8,-7
31125769355,4,-1,1,4,-3,3,-6,5
31125769355,7,3,-3,-3,5,-3,10,-4
31125785687,0,-2,1,-1,1,-2,7,2
31125785687,-6,-3,-5,1,-4,-2,-9,-3
31125787169,-2,-1,0,-1,-2,-1,8,-2
31125787169,-6,-3,0,-3,-1,-2,-7,-2
31125808040,-1,2,-1,2,4,0,-12,-1
31125808040,3,-1,-3,1,0,3,11,0
31125809604,-7,-3,1,-2,-2,-3,-7,-3
31125809604,-1,-3,-5,-1,-2,2,2,-2
31125822520,-5,-1,-4,-5,-4,-9,-24,-3
31125822520,-1,2,3,3,-2,6,13,4
31125829257,-1,1,-1,0,2,-6,-3,2
31125829257,-7,0,4,6,-1,-1,-4,-5
31125845492,2,-5,-7,-8,-1,0,10,-2
31125845492,-5,0,-1,-1,1,-4,-11,-4
31125847105,-2,-2,1,6,1,-2,3,-2
31125847105,4,0,2,-6,-1,1,1,-1
31125868057,-2,0,0,2,-4,-3,-17,1
31125868057,1,-2,-1,-1,-3,-1,0,0
31125869781,-5,-3,-1,2,1,2,7,-5
31125869781,0,-1,-4,-2,-1,-3,-8,1
31125882316,-3,2,-2,2,2,2,11,-2
31125882316,1,-1,0,-4,-3,4,-12,-1
31125889291,-3,-1,-1,-2,-2,-3,-6,-9
31125889291,-2,-2,-3,1,-3,-1,9,10
31125905752,5,-4,0,1,8,3,2,0
31125905752,-7,0,-1,-5,-6,-4,-21,-2
31125907213,4,1,0,-1,-2,2,27,2
31125907213,2,0,-4,2,-2,0,-18,-3
31125928325,-3,1,4,-2,1,4,7,-1
31125928325,4,-2,-5,-1,-2,-6,-14,-2
31125929843,0,-2,1,-5,-3,-1,19,2
31125929843,0,0,-1,-1,5,0,-13,1
31125942658,-1,-1,2,4,-7,-4,-4,-1
31125942658,-3,-2,0,-6,5,9,31,-1
31125949336,2,3,-4,1,-4,-6,-28,4
31125949336,3,-3,-3,-1,-4,6,1,-4
31125965682,-1,2,-1,1,0,-7,14,-5
31125965682,0,1,4,0,-2,-3,-9,2
31125967365,-1,-4,-1,-1,0,-1,-3,-2
31125967365,-2,-1,-3,-5,-4,0,10,-1
31125988062,2,-4,-3,0,4,-1,-16,-2
31125988062,-2,2,-4,-4,-4,5,9,-4
31125989773,5,-3,-2,-1,2,-3,-19,2
31125989773,-4,-1,1,-2,1,3,19,-1
31126002315,-6,-2,-1,-5,-11,-6,-8,-4
31126002315,-8,-5,-1,3,2,0,-3,-10
31126009157,-4,2,-1,-5,-4,3,-1,4
31126009157,-5,-2,2,0,1,-4,14,-3
31126025733,3,1,-4,-4,-1,4,-18,7
31126025733,-2,-3,2,3,-3,-1,5,-2
31126027114,-5,-1,-4,-4,0,0,10,0
31126027114,-2,-1,-4,1,-3,-1,-4,1
31126047987,-5,0,1,0,-2,-1,5,-1
31126047987,2,-1,-3,-3,-2,-3,-13,2
31126049642,2,1,-1,-3,-2,1,-1,-3
31126049642,1,-3,1,-2,-1,-2,-5,0
31126061976,5,0,-2,4,-2,0,9,-3
31126061976,2,2,-1,-1,4,-2,-20,1
31126070658,-1,-3,2,3,-4,2,12,0
31126070658,-1,0,-6,-4,-3,-3,-4,-2
31126085759,-3,-4,0,-3,0,-3,-7,-7
31126085759,3,-1,-1,1,-3,4,20,7
31126087154,0,-1,0,-1,4,0,-14,-1
31126087154,-7,1,-2,-4,-6,-3,-5,1
31126107982,0,1,-1,1,2,7,5,1
31126107982,-1,-3,-1,-1,-2,2,-2,-2
31126109532,-3,-1,3,1,-3,-8,-10,-4
31126109532,-1,-3,-1,0,-1,2,-2,-3
31126121748,-8,-3,-4,-1,-3,1,-2,-12
31126121748,-1,-3,1,-1,2,-5,0,14
31126130736,12,3,1,-2,0,1,-4,-4
31126130736,-7,-2,0,-3,-3,-1,-1,-2
31126145761,1,-1,0,0,2,-2,-3,3
31126145761,-2,1,-2,2,-3,-1,8,-5
31126147110,-4,-1,-3,-3,-3,-2,-7,-1
31126147110,2,0,3,-2,0,-1,9,-1
31126168710,-4,-1,-6,-2,0,-5,-15,-3
31126168710,-7,-1,1,-6,-3,8,5,1
31126170296,-1,-3,-1,-2,0,-2,-16,-3
31126170296,0,-3,-3,1,7,-2,24,-3
31126181641,1,-2,-5,-2,-5,-2,-3,1
31126181641,-3,0,0,3,0,-7,-3,-5
31126190664,-1,2,-3,-2,-3,2,1,-2
31126190664,-2,-1,1,0,-3,0,-6,0
31126205543,-3,-2,2,-1,0,2,0,-5
31126205543,4,0,-2,4,9,2,-5,5
31126207075,-10,-5,-3,0,-4,0,12,-2
31126207075,5,1,-1,2,-5,-2,-8,-4
31126228233,-2,-1,-2,-2,3,1,23,3
31126228233,-2,-3,-1,2,-4,-2,-10,-8
31126229773,-2,-1,0,0,-1,-3,2,1
31126229773,-4,-4,0,-4,0,1,-14,-2
31126241682,0,2,0,-3,0,-3,7,1
31126241682,-1,-3,-7,-2,-6,2,12,-4
31126250698,-1,2,-2,-2,6,-1,-14,-4
31126250698,10,0,-3,1,-3,0,-6,8
31126265542,0,-2,0,-4,-2,0,-9,1
31126265542,1,-2,-3,-2,-7,-5,-5,-4
31126267095,0,-3,-2,1,0,2,1,0
31126267095,-4,0,0,-2,-1,-2,-12,-3
31126287968,-4,-1,2,2,0,-4,0,-3
31126287968,-4,0,-1,3,-3,-3,-2,2
31126289587,13,-1,-1,0,1,0,2,1
31126289587,-2,-2,-2,-1,-2,3,-3,2
31126301639,0,-1,-2,-5,-5,3,13,1
31126301639,1,-2,4,3,1,2,-5,-3
31126310540,-3,0,-1,-2,-4,0,20,1
31126310540,1,1,-1,1,2,-2,3,-4
31126325477,-5,-4,1,2,-4,-4,-19,-2
31126325477,0,-3,-3,-16,-2,8,8,1
31126327100,4,1,-2,5,8,7,9,4
31126327100,4,-2,0,0,-5,-2,-8,-3
31126348008,-4,0,0,0,-1,-2,23,0
31126348008,9,2,0,4,-3,-4,-6,-2
31126349528,-4,-2,-3,-3,-3,-4,-11,1
31126349528,-8,-3,-3,-4,0,-1,5,-4
31126361765,4,2,-1,1,2,0,1,1
31126361765,-3,0,0,-5,1,-1,-9,-7
31126370599,-2,-2,1,-1,-1,-5,11,9
31126370599,-2,-2,1,1,-4,1,6,0
31126385675,10,2,-7,-4,-5,-2,-5,-3
31126385675,0,2,0,-1,2,-4,3,0
31126387185,-6,-5,-2,-2,-5,-2,-14,-6
31126387185,-4,2,2,1,3,-3,-7,-4
31126408113,0,-4,-3,0,-1,-1,-4,1
31126408113,-2,-1,2,3,-3,7,-10,5
31126409664,-2,-1,-5,-3,-1,-5,-7,-7
31126409664,-1,1,-1,-1,2,2,-5,-2
31126421808,0,4,2,-2,-1,0,21,2
31126421808,-2,-3,-4,1,0,-8,-16,-3
31126430627,-4,0,0,-2,-2,-3,14,0
31126430627,0,-2,-1,-4,0,3,-7,0
31126445480,-2,0,-1,0,2,2,-15,-5
31126445480,-3,-1,-3,-2,-7,-6,6,-2
31126447177,-5,1,2,-3,0,10,10,1
31126447177,14,1,0,-2,-2,-3,7,5
31126468231,-2,-4,-5,0,1,-2,0,-1
31126468231,-4,1,3,1,1,-4,3,-2
31126469616,6,1,-1,-2,-3,2,-12,-7
31126469616,-6,-3,-3,1,0,-3,-10,0
31126481712,-3,2,-1,0,0,-4,-8,0
31126481712,0,-3,-3,-2,1,1,11,-5
31126490705,-3,-3,-1,-3,-4,4,-24,13
31126490705,-1,1,1,-3,1,3,0,-4
31126505575,-1,-1,2,-1,3,-2,-11,-3
31126505575,4,1,-1,1,0,-1,3,0
31126507173,0,-4,-4,-2,-4,-3,4,-4
31126507173,-4,-2,-1,2,0,-4,-4,-2
31126528005,-1,-1,1,-2,0,0,1,2
31126528005,-6,-1,0,-4,-2,-3,-6,-1
31126529665,-1,0,1,-1,-2,-4,-6,-5
31126529665,-9,-3,-2,2,0,-3,12,-2
31126550713,16,2,0,-3,-1,8,26,4
31126550713,0,1,-2,1,1,-6,-10,-1
31126552235,1,0,3,-1,-3,-4,-13,0
31126552235,-8,-2,-2,-1,-3,-1,1,-8
31126565720,-4,0,2,-2,-5,0,-8,-3
31126565720,2,1,-3,-3,-3,-1,13,3
31126567170,0,0,-1,1,-1,-1,-7,-4
31126567170,-2,0,1,-2,10,-1,-3,1
31126588096,-2,-1,-3,2,-1,0,-3,-2
31126588096,1,-1,-7,-7,-5,-2,-19,-1
31126589655,-6,0,0,4,11,4,20,-10
31126589655,9,0,-4,2,-3,5,-5,6
31126610729,0,-1,-2,-5,0,-5,-2,3
31126610729,-7,-4,0,0,-2,-1,6,-4
31126612172,-1,0,-3,2,-2,-5,-10,-2
31126612172,-1,2,-1,-1,-2,0,4,-2
31126625710,-3,-2,-1,-1,3,0,-13,-3
31126625710,-4,-1,-2,2,0,-2,0,-2
31126627199,8,-1,1,-3,-4,1,13,3
31126627199,3,1,0,2,-2,5,-4,-1
31126648067,-6,-1,2,-1,-6,-6,-1,-1
31126648067,13,5,1,-3,6,1,33,4
31126649648,-3,-1,0,-4,2,4,-3,2
31126649648,7,-2,-2,-1,-4,-4,-2,-1
31126669811,-5,-4,-3,-3,-2,-4,1,-6
31126669811,-1,1,4,-3,-1,-3,-1,1
31126678162,-4,-6,-7,-5,-4,4,-8,-2
31126678162,-4,-3,-2,2,5,-4,-3,0
31126685057,3,0,-3,5,1,3,-1,-2
31126685057,1,1,0,-5,-2,-2,-8,-1
31126691698,4,2,-1,3,-3,-5,-9,1
31126691698,-6,-2,-1,-6,-4,-5,-1,-3
31126708208,-2,-1,2,1,-1,2,4,0
31126708208,-5,-4,-2,2,-1,2,-12,-2
31126709757,1,-2,1,-1,2,-2,8,-2
31126709757,-1,0,-1,-2,2,3,1,-2
31126731009,-5,0,2,-1,-3,3,-2,2
31126731009,4,-3,-2,3,9,4,5,-1
31126732611,-3,0,-2,0,-3,-4,8,0
31126732611,-3,-2,1,0,-2,0,-4,-3
31126745055,0,-2,-1,-4,-1,-1,-8,0
31126745055,-3,-2,-5,-1,-4,-1,-6,-1
31126751868,-3,-1,-2,-3,-2,2,4,0
31126751868,-1,-3,-3,-4,-4,-2,24,1
31126768135,-3,-1,-3,1,4,1,2,-1
31126768135,10,6,3,2,0,1,-15,-1
31126769690,-3,0,0,1,-4,-3,-6,1
31126769690,-1,0,-2,-5,-2,-1,1,-3
31126790623,-4,1,3,0,-1,-4,-5,-2
31126790623,-4,-3,-5,-1,-2,0,5,0
31126792181,-3,0,1,2,0,-3,0,-3
31126792181,1,0,-4,1,-3,-4,-6,-1
31126804896,1,-3,-2,-2,-2,-3,-9,0
31126804896,-5,-2,1,-4,-1,6,6,-1
31126811941,0,0,-2,0,-2,4,9,1
31126811941,1,-1,0,2,-1,-3,33,4
31126828267,11,3,-4,0,-3,-2,-9,-1
31126828267,-4,1,1,-1,-4,-4,-3,-6
31126829743,-3,1,-2,-3,-4,-1,-2,-1
31126829743,-2,0,1,-3,-1,2,-8,1
31126850703,-4,-2,-2,4,0,-5,-2,-4
31126850703,-4,-3,2,3,-2,-4,3,1
31126852213,0,-2,0,-3,-1,8,-10,-3
31126852213,-4,1,1,3,-1,-4,6,0
31126864854,5,3,2,-2,-2,0,-2,-1
31126864854,-5,-2,-1,1,-3,6,-9,1
31126871735,-2,-3,-2,-1,0,-6,14,-2
31126871735,-2,0,-2,-2,-3,-4,-18,-5
31126888179,-4,-3,-2,-4,-2,-4,0,-4
31126888179,-5,-4,-3,-3,-3,-3,10,-1
31126889794,2,0,1,-2,3,-6,-7,-3
31126889794,2,-3,-3,-4,-2,2,-5,2
31126910766,0,0,0,0,0,5,22,4
31126910766,0,-1,-1,2,0,-2,-3,1
31126912227,-2,-2,-1,-1,-1,-5,-6,-2
31126912227,-5,-5,-1,-1,-1,-4,-8,-8
31126924984,2,-1,-3,-2,0,-3,-10,-2
31126924984,-3,-1,-1,-2,-1,-3,2,-2
31126931830,0,3,1,0,-2,-1,8,0
31126931830,-4,-4,-1,0,1,2,-9,1
31126948011,-11,-5,-3,-5,5,-3,-12,-5
31126948011,19,5,0,3,0,3,14,9
31126949784,-7,-1,-2,-2,2,-1,-29,-4
31126949784,2,2,1,2,-1,-4,17,-4
31126970618,-4,-3,-2,-4,-3,-2,-9,-2
31126970618,-6,-4,-3,-3,-1,0,-6,-8
31126972150,-2,-4,0,0,-2,-1,-4,1
31126972150,0,2,-1,-5,-3,-1,-6,1
31126984270,-6,-4,-2,1,3,-1,-2,-4
31126984270,11,5,-1,-1,-5,-5,27,-3
31126993200,3,1,-5,-3,-4,-1,8,5
31126993200,-2,-1,1,1,1,1,-1,-2
31127008279,0,-1,-2,1,-4,0,2,-1
31127008279,-6,-3,1,-3,-4,-5,-16,-1
31127009832,0,-2,0,-2,-1,1,0,-3
31127009832,3,0,-3,-2,1,1,-1,1
31127030554,2,1,3,-2,-1,-2,-10,0
31127030554,-7,-3,-2,-1,-1,-1,-3,-1
31127032372,3,-1,-3,-1,0,4,14,-1
31127032372,3,1,1,2,-1,2,-9,-3
31127044420,2,-2,-4,3,-1,5,10,5
31127044420,-8,-2,-1,-5,0,1,2,-3
31127053190,-1,-1,2,1,-4,-5,-4,0
31127053190,-1,-2,-2,-2,-3,-1,-6,-2
31127068226,-4,-1,-2,-3,0,-1,1,-6
31127068226,-3,-2,-2,-1,0,1,-4,2
31127069712,1,1,-1,2,0,1,-4,-1
31127069712,-2,-1,-3,-7,-3,-3,-10,-1
31127090682,0,0,-2,-1,-5,0,-5,-3
31127090682,-5,1,0,7,6,-2,-7,0
31127092353,-3,0,-2,-3,0,-5,-1,-3
31127092353,-2,-3,-1,1,1,3,-9,-2
31127104401,-2,-3,-3,0,2,3,11,2
31127104401,3,0,1,-1,-2,-1,-1,-3
31127113214,2,-1,0,1,-1,0,-8,2
31127113214,-6,-2,-2,-2,-2,1,0,0
31127128248,1,3,-2,-2,1,-2,-3,0
31127128248,-1,-3,-2,-3,2,-3,-12,-3
31127129608,-2,-1,1,-2,-1,3,9,-1
31127129608,-4,0,-2,-1,-5,-6,-22,0
31127150554,5,-2,2,-1,3,1,0,-3
31127150554,2,1,-1,0,4,5,36,2
31127152111,-4,-4,-3,-2,-3,1,-4,-2
31127152111,-3,1,-3,-3,-2,0,3,2
31127164190,-2,-1,1,-1,-3,-3,-4,-1
31127164190,-3,-2,-1,0,-2,7,0,-3
31127173393,0,-2,0,1,-2,-6,1,-2
31127173393,13,2,1,-3,2,2,7,3
31127188255,-4,-2,1,-1,-7,3,4,-1
31127188255,-1,-2,-1,-2,-2,-1,-14,-1
31127189808,-3,-1,-2,-1,0,-1,-5,-1
31127189808,-2,0,-1,3,0,0,2,-3
31127210706,0,-2,-1,0,-2,-3,-3,0
31127210706,-1,-1,-2,-5,-1,4,-6,-1
31127212102,-1,1,-1,2,0,-2,1,-3
31127212102,-3,-3,1,-3,-2,1,-26,-5
31127224321,-5,-3,0,2,-3,0,18,2
31127224321,5,3,-3,-5,-3,-9,-15,-3
31127233137,2,-1,-1,-2,-5,4,9,-2
31127233137,-2,-1,-2,-3,2,-3,-9,-1
31127248085,0,-1,-1,-4,-3,-2,8,-4
31127248085,-2,-4,-4,0,-4,-1,2,1
31127249625,-2,1,-2,-1,3,0,-18,1
31127249625,0,2,-2,-3,-3,2,13,0
31127270773,-2,-1,-1,-2,0,-3,-14,-8
31127270773,-6,-2,1,2,-1,2,10,0
31127272122,8,1,1,-2,-1,-6,8,-1
31127272122,-2,-3,-3,0,5,6,11,-2
31127284380,0,0,-7,-3,1,-6,1,0
31127284380,-3,-4,-1,1,-1,-2,-18,-6
31127293154,-2,-2,-3,0,-2,-3,12,4
31127293154,1,0,1,2,-3,-5,4,-4
31127308072,-3,-1,-3,-2,3,2,-13,0
31127308072,1,-1,2,4,-2,-6,-18,0
31127309613,-6,-2,-2,-3,-4,2,-1,-2
31127309613,1,0,1,1,-1,-2,7,2
31127330568,-2,2,2,-1,3,-1,4,-1
31127330568,-4,-3,-3,-4,-2,-1,-6,0
31127332226,1,-1,0,0,4,-1,1,0
31127332226,-4,-2,-2,-1,0,-1,-7,-1
31127344166,-2,1,-3,0,3,-2,-15,-3
31127344166,3,-1,-2,-2,1,0,14,0
31127353203,-3,0,-2,-6,-1,4,-7,0
31127353203,1,-3,-2,1,0,-4,11,-1
31127368050,0,-1,1,0,0,-1,-11,0
31127368050,5,-1,-2,-1,-3,-2,1,-1
31127369644,-3,-2,0,2,-2,0,-3,-2
31127369644,-9,-3,-1,-1,-3,-7,-6,-3
31127390665,17,2,0,0,1,0,11,3
31127390665,-4,-1,3,3,-1,5,-17,1
31127392110,-3,-4,-2,-2,0,-2,2,-3
31127392110,0,-1,1,-1,-2,-1,-2,-3
31127404251,-5,-2,-2,0,-3,-2,3,-1
31127404251,0,-3,-1,-3,-2,0,-1,-1
31127413235,-2,0,1,1,-2,-3,-19,-3
31127413235,-9,-1,0,2,-2,4,-2,0
31127428334,8,2,-1,-4,-8,4,6,-8
31127428334,0,-1,-2,-1,-1,1,2,11
31127429597,-4,-2,-5,-4,1,-1,7,-3
31127429597,-1,-2,-1,-3,-1,-4,-11,-2
31127449978,-7,-2,-2,-1,-4,-2,4,-2
31127449978,-4,2,-1,-1,1,-1,0,-4
31127450641,-1,-2,2,2,-4,-2,1,1
31127450641,3,0,-3,-6,3,-5,21,2
31127472335,-4,0,0,1,3,-2,-11,0
31127472335,5,-2,-1,-2,-2,0,-11,1
31127473047,1,1,-1,2,1,3,4,-2
31127473047,2,-1,-3,-1,-2,-2,2,0
31127487358,-8,1,0,-4,-6,0,-3,1
31127487358,5,3,0,-2,6,-4,-1,-1
31127488316,-4,-2,-2,-6,-5,-5,-9,-1
31127488316,4,1,1,0,-3,3,-2,0
31127510005,-4,-2,0,0,-3,-3,2,1
31127510005,1,0,-3,-3,-1,-4,16,3
31127510668,-2,2,-2,1,0,-3,-8,-6
31127510668,-1,-2,0,-3,-2,-4,8,0
31127532282,-5,-3,-2,-2,1,-3,-5,2
31127532282,-8,-4,-3,0,1,-2,10,-5
31127533160,1,1,0,-2,-5,1,-18,0
31127533160,3,0,0,1,-1,5,8,1
31127547362,0,-4,-3,-2,0,0,3,0
31127547362,-3,1,0,-1,-3,-1,11,-5
31127548096,2,0,-2,1,0,2,6,8
31127548096,-3,-1,0,-2,-3,-2,-13,-2
31127569881,0,-2,-4,-2,-2,1,10,-1
31127569881,-3,-1,2,1,1,0,-8,-4
31127570770,-5,1,0,2,0,3,-3,-1
31127570770,13,4,0,-1,1,0,-4,0
31127592524,-1,1,-3,1,2,-5,7,5
31127592524,-3,-4,-1,-7,-6,2,-4,-6
31127593106,-1,-1,0,-3,4,0,7,-5
31127593106,-3,-2,-4,0,-2,-1,-11,1
31127607475,1,-1,2,1,-3,-4,-3,-2
31127607475,-4,-3,-1,-1,-1,0,-14,3
31127608173,11,-1,1,-6,4,-1,13,-1
31127608173,-5,1,0,0,-1,4,1,0
31127629934,-1,-3,-1,-3,0,0,0,-4
31127629934,-2,1,-1,0,2,-2,-3,0
31127630599,-2,-3,-5,-4,-4,-1,7,0
31127630599,-2,2,2,2,3,-4,-7,-3
31127652308,-3,-5,-3,-6,-5,2,5,-2
31127652308,5,1,-2,-3,0,-8,-13,-1
31127653106,-3,2,0,2,-3,1,10,1
31127653106,-1,-1,-3,1,-2,-5,7,-2
31127667309,0,1,-2,-2,-3,-1,-6,-1
31127667309,-6,-2,-1,5,-3,1,-3,-2
31127668131,1,-1,-1,-2,-2,-9,9,-1
31127668131,-3,-2,-1,-4,-4,-1,-8,2
31127690019,0,1,2,3,1,-1,-8,0
31127690019,-2,0,-2,-4,-2,-1,3,-5
31127690569,-3,0,-2,3,5,2,-3,6
31127690569,10,-1,1,0,0,-3,10,-2
31127712429,-3,-2,-2,-2,-2,-3,-2,4
31127712429,2,-1,1,0,2,0,-3,-5
31127713267,-4,-3,-1,0,0,-4,-14,-6
31127713267,-7,-3,-2,-2,-3,0,11,1
31127727378,1,1,-1,0,2,2,2,-2
31127727378,-3,-1,-2,-1,-1,-2,-2,2
31127728118,-2,0,-1,-2,-4,0,-12,-3
31127728118,0,-1,-2,0,-2,2,1,2
31127750146,-2,2,7,3,-1,-3,-10,-2
31127750146,2,0,-1,1,1,-2,1,1
31127750578,-5,-6,0,-5,0,0,-6,-3
31127750578,-4,1,-2,-2,-3,-1,-2,-3
31127772314,-2,-2,-1,-2,-1,-2,2,0
31127772314,-1,-1,2,2,5,2,-1,3
31127773300,-1,-2,-5,-3,-6,-6,-5,-2
31127773300,-2,-1,-2,-2,3,3,-5,-2
31127787362,2,-2,-1,1,-4,3,0,1
31127787362,-2,0,0,1,-4,-5,0,-1
31127788209,6,1,2,4,-2,-2,3,-3
31127788209,-10,-2,1,-2,1,-4,-24,-3
31127810019,8,2,-1,-3,-3,2,49,2
31127810019,2,-2,-3,-3,-2,-2,0,-2
31127810621,-2,0,-2,2,-2,-3,-6,2
31127810621,-1,-1,-3,0,9,3,-11,2
31127832427,-4,1,2,0,-3,-1,-7,-4
31127832427,10,-1,-1,-5,-2,-2,10,8
31127833196,-3,-1,-1,-2,-2,-3,3,-2
31127833196,1,-3,-1,-2,-3,-1,-3,-3
31127847368,-1,-3,-2,-1,-1,-1,-9,-3
31127847368,-3,-2,-2,-5,-1,4,5,1
31127848176,-1,0,1,2,-1,-3,-9,-4
31127848176,-1,1,3,3,-3,-3,-8,-1
31127870067,-3,-3,-9,-3,5,-2,-3,-1
31127870067,-5,-1,1,-1,-2,1,-2,-3
31127870609,-1,0,1,2,1,2,-1,2
31127870609,-5,-6,-2,-6,-2,1,4,-4
31127892490,2,2,2,4,-1,0,-6,1
31127892490,-3,-2,0,-6,-2,-3,-13,-4
31127893165,-1,-1,-1,-2,2,0,28,2
31127893165,-3,0,-1,-1,-4,1,15,-2
